Handle,Title,Body (HTML),Vendor,Product Category,Type,Tags,Published,Option1 Name,Option1 Value,Option1 Linked To,Option2 Name,Option2 Value,Option2 Linked To,Option3 Name,Option3 Value,Option3 Linked To,Variant SKU,Variant Grams,Variant Inventory Tracker,Variant Inventory Policy,Variant Fulfillment Service,Variant Price,Variant Compare At Price,Variant Requires Shipping,Variant Taxable,Unit Price Total Measure,Unit Price Total Measure Unit,Unit Price Base Measure,Unit Price Base Measure Unit,Variant Barcode,Image Src,Image Position,Image Alt Text,Gift Card,SEO Title,SEO Description,Contenu pedago (product.metafields.custom.contenu_pedago),description (product.metafields.custom.description),Extrait (product.metafields.custom.extrait),Lien achat (product.metafields.custom.lien_achat),Niveau scolaire (product.metafields.custom.niveau),Produit (product.metafields.custom.produit),region (product.metafields.custom.region),Série (product.metafields.custom.s_rie),Tranche d'âge (product.metafields.custom.tranches_d_ge),Genre (product.metafields.shopify.genre),Audience cible (product.metafields.shopify.target-audience),Variant Image,Variant Weight Unit,Variant Tax Code,Cost per item,Status
le-bunker-de-la-peur-copie,Le fantôme du fleuve,"<div class=""_1Q9if _3bcaz"" id=""comp-ksqkyxib"">
<h4 class=""font_2"">Collection Panik | Dès 9 ans<br>
</h4>
</div>
<div class=""_1Q9if _3bcaz"" id=""comp-ksqkyxie"">
<p class=""font_8""><meta charset=""UTF-8""><span>Au camp musical où il passe la semaine, Matt remarque bientôt d’étranges phénomènes. Des notes bougent sur une partition, et une mélodie venue de nulle part résonne dans l’école de musique. Certains élèves murmurent qu’un fantôme hanterait les lieux… et les ruines du terrain voisin. Avec ses amis, Matt veut percer le mystère. Qui est cet esprit? Que cherche-t-il? Et que cache vraiment la légende entourant la famille qui vivait autrefois dans la maison de pierres?</span><br></p>
</div>",Éditions Auzou,Non classé,"","9 ans, LivreCaro",true,Title,Default Title,,,,,,,,,0.0,,deny,manual,1000.00,,false,false,,,,,,https://cdn.shopify.com/s/files/1/0655/5962/5944/files/Couv2D.jpg?v=1785422124,1,"",false,,,,,,https://www.leslibraires.ca/livres/le-fantome-du-fleuve-9782898248030,,,,,9-12 ans,,,,kg,,,active
les-secrets-de-lanse-trois-saumons,Les secrets de l'anse Trois-Saumons,"<div data-testid=""richTextElement"" class=""_1Q9if _3bcaz"" id=""comp-ksqkyxib""></div>
<div data-testid=""richTextElement"" class=""_1Q9if _3bcaz"" id=""comp-ksqkyxie"">
<p>Entre ces murs, le passé ne dort jamais…</p>
<p>Alyson et Jake passent l’été à Saint-Jean-Port-Joli, dans une ancienne auberge louée par leurs parents comédiens. On raconte qu’un meurtre y a été commis. Alyson sent une présence malveillante. Jake est sceptique même si les événements étranges se multiplient. Ensemble, ils devront percer les secrets de cette entité inquiétante, mais surtout, trouver le moyen de la faire partir avant qu’il ne soit trop tard…</p>
</div>",Hugo roman,Non classé,"","LivreCaro, livreLora",true,Title,Default Title,,,,,,,,,0.0,,deny,manual,1000.00,,false,false,,,,,,https://cdn.shopify.com/s/files/1/0655/5962/5944/files/Lessecretsdel_anseTrois-Saumons-couv.png?v=1775848688,1,"",false,,,,,,https://www.leslibraires.ca/livres/les-secrets-de-l-anse-trois-saumons-9782925562191?srsltid=AfmBOorUTpTwC9BaboLVAN2gf0AjOQPbzbagSpXliiEgEGJxQCfYI-eQ,,,,,9-12 ans,,,,kg,,,active
lea-la-licorne-apprend-a-voler,Léa la licorne apprend à voler,"<h4 class=""font_8""><span>Collection Mes grands albums | Dès 3 ans</span></h4>
<p><meta charset=""UTF-8""><span><meta charset=""UTF-8"">Léa est être la seule licorne de la forêt à ne pas savoir encore voler ! Elle veut absolument apprendre. Mais ce n’est pas si facile que ça… La petite licorne des tropiques trouvera-t-elle quelqu’un pour lui donner des leçons de vol ? Réussira-t-elle à se servir de ses ailes ? Et surtout, sera-t-elle capable de suivre ses amis dans le ciel ?</span></p>
<ul></ul>",Auzou,Non classé,"","fée, LivreCaro",true,Title,Default Title,,,,,,,,,0.0,,deny,manual,1000.00,,false,false,,,,,,https://cdn.shopify.com/s/files/1/0655/5962/5944/files/Couv.png?v=1775848621,1,"",false,,,,,,https://www.leslibraires.ca/livres/lea-la-licorne-apprend-a-voler-9782898247873?srsltid=AfmBOor9_d-2a3cjh-Vhieem3NG34RJ_s646AL-6_9KKA5Yqy63eUVld,,,,,0-5 ans,,,,kg,,,active
aventuriers-des-mers-un-livre-anime,"Aventuriers des mers, un livre animé!","<p class=""cvGsUA direction-ltr align-justify para-style-body""><span class=""a_GcMg font-feature-liga-off font-feature-clig-off font-feature-calt-off text-decoration-none text-strikethrough-none"">Les élèves auront la chance de plonger dans une expérience immersive unique, alliant lecture et technologie. En leur lisant mon roman Aventuriers des mers, je leur ferai découvrir un récit enrichi de réalité augmentée, de visuels à 360 degrés, d’animations 3D et d’enregistrements sonores. En balayant chaque illustration avec un iPad, je ferai apparaître des animations captivantes sur le tableau interactif de la classe. Les élèves feront ainsi la connaissance de William et Kimora et devront résoudre différentes énigmes tout au long de l’aventure. Une invitation à vivre l’histoire de manière active et engageante, comme s’ils y étaient.</span></p>
<p class=""cvGsUA direction-ltr align-justify para-style-body""> </p>
<p class=""cvGsUA direction-ltr align-justify para-style-body""><span class=""a_GcMg font-feature-liga-off font-feature-clig-off font-feature-calt-off text-decoration-none text-strikethrough-none"">Durée: Une période</span></p>",Les éditions AppLit,Non classé,"","anim2, anim3, Animation",true,Title,Default Title,,,,,,,,,0.0,,deny,manual,1000.00,,false,false,,,,,,https://cdn.shopify.com/s/files/1/0655/5962/5944/files/Frame101.jpg?v=1759178804,1,"",false,,,,"<p>Les élèves auront la chance de plonger dans une expérience immersive unique, alliant lecture et technologie. En leur lisant mon roman Aventuriers des mers, je leur ferai découvrir un récit enrichi de réalité augmentée, de visuels à 360 degrés, d’animations 3D et d’enregistrements sonores. En balayant chaque illustration avec un iPad, je ferai apparaître des animations captivantes sur le tableau interactif de la classe. Les élèves feront ainsi la connaissance de William et Kimora et devront résoudre différentes énigmes tout au long de l’aventure. Une invitation à vivre l’histoire de manière active et engageante, comme s’ils y étaient.</p>

Durée: Une période",,,Deuxième cycle,,"Montréal
Québec
Chaudières-Appalaches",,,,,,kg,,,active
dune-aventure-a-lautre,D'une aventure à l'autre,"<p class=""cvGsUA direction-ltr align-justify para-style-body""><span class=""a_GcMg font-feature-liga-off font-feature-clig-off font-feature-calt-off text-decoration-none text-strikethrough-none"">Cette animation me permet de présenter mon processus d’écriture, les étapes de l’édition, mes sources d’inspiration, ainsi que l’intrigue des romans et séries illustrés ci-dessous. Pour le roman Le détenu de Trois-Rivières, je présenterai également le matériel pédagogique qui l’accompagne : un jeu d’évasion conçu à partir du premier chapitre, où le lecteur est coincé dans l’histoire et doit résoudre des énigmes pour en sortir. Les élèves ne participeront pas au jeu, mais pourront en découvrir le concept et les coulisses de sa création. Je prendrai également le temps de répondre avec plaisir à leurs questions.</span><span class=""a_GcMg font-feature-liga-off font-feature-clig-off font-feature-calt-off text-decoration-none text-strikethrough-none white-space-prewrap""> </span></p>
<p class=""cvGsUA direction-ltr align-justify para-style-body""><span class=""a_GcMg font-feature-liga-off font-feature-clig-off font-feature-calt-off text-decoration-none text-strikethrough-none"">Durée: Une période</span></p>",Les éditions AppLit,Non classé,"","anim3, Animation",true,Title,Default Title,,,,,,,,,0.0,,deny,manual,1000.00,,false,false,,,,,,https://cdn.shopify.com/s/files/1/0655/5962/5944/files/Frame100.jpg?v=1759178639,1,"",false,,,,"<p>Cette animation me permet de présenter mon processus d’écriture, les étapes de l’édition, mes sources d’inspiration, ainsi que l’intrigue des romans et séries illustrés ci-dessous. Pour le roman Le détenu de Trois-Rivières, je présenterai également le matériel pédagogique qui l’accompagne : un jeu d’évasion conçu à partir du premier chapitre, où le lecteur est coincé dans l’histoire et doit résoudre des énigmes pour en sortir. Les élèves ne participeront pas au jeu, mais pourront en découvrir le concept et les coulisses de sa création. Je prendrai également le temps de répondre avec plaisir à leurs questions. </p>

Durée: Une période",,,Deuxième cycle,,"Québec
Chaudières-Appalaches",,,,,,kg,,,active
romance-nuit-dete-et-creme-glacee,"Romance, nuit d'été et crème glacée","<p>Depuis son enfance, Charlotte passe ses étés au camping avec son meilleur ami Gabriel. Cette année, ils ont décroché leurs tout premiers emplois, elle à la crèmerie et lui en tant que sauveteur.</p>
<p>Nouvelles rencontres, amour et amitié seront au rendez-vous pour cette saison qui s'annonce mémorable! </p>",Éditions Auzou,Médias > Livres > Livres imprimés,"","",true,Title,Default Title,,,,,,,,"",0.0,,deny,manual,1000.00,,false,false,,,,,,https://cdn.shopify.com/s/files/1/0655/5962/5944/files/Romance.jpg?v=1747246958,1,"",false,,,,,,https://www.leslibraires.ca/livres/romance-nuit-d-ete-et-creme-lora-boisvert-9782898246715.html?srsltid=AfmBOorXCOn_Y_9FeastekIMa2PH8mjLIvLjPFd-iX_W7YP4gObTyRV4,,,,,,romance,ados-et-jeunes-adultes,,kg,,,active
lea-la-licorne-se-fait-des-amis,Léa la licorne se fait des amis,"<h4 class=""font_8""><span>Collection Mes grands albums | Dès 3 ans</span></h4>
<p><meta charset=""UTF-8""><span>Léa, la petite licorne des tropiques, vient d’emménager dans sa nouvelle maison avec sa maman. Elle s’ennuie déjà de ses grands-parents, mais elle ne tarde pas à faire la connaissance de jeunes licornes des bois. Ses nouveaux amis l’invitent à jouer avec eux. Cependant, leur magie est très différente de la sienne. Léa arrivera-t-elle à faire sa place parmi eux?</span><br></p>
<ul></ul>",Auzou,Non classé,"","fée, LivreCaro",true,Title,Default Title,,,,,,,,,0.0,,deny,manual,1000.00,,false,false,,,,,,https://cdn.shopify.com/s/files/1/0655/5962/5944/files/Captured_ecran_le2024-10-22a14.19.11.png?v=1743536196,1,"",false,,,,,,https://www.leslibraires.ca/livres/lea-la-licorne-se-fait-des-carolyn-chouinard-9782898246241.html,,,,,0-5 ans,,,,kg,,,active
les-jeux-du-quebec,Les Jeux du Québec,"<div data-testid=""richTextElement"" class=""_1Q9if _3bcaz"" id=""comp-ksqkyxib"">
<h4 class=""font_2""><span>Reine de la glace Tome 5  | Dès 8 ans</span></h4>
<p><meta charset=""UTF-8""><span>Coucou, c’est Mila! J’ai réussi à obtenir une place pour les Jeux du Québec. Je passerai la semaine de relâche en compagnie des meilleurs athlètes de ma province. Activités, amitié et compétition seront au rendez-vous! J’ai hâte de découvrir ce que ce séjour me réserve. Je sens qu’il y aura plein de rebondissements!</span></p>
<p> </p>
</div>",Auzou,Non classé,"","8 ans, livreLora, patin",true,Title,Default Title,,,,,,,,,0.0,,deny,manual,1000.00,,false,false,,,,,,https://cdn.shopify.com/s/files/1/0655/5962/5944/files/tome5Reine.png?v=1736005346,1,"",false,,,,,,https://www.leslibraires.ca/livres/les-jeux-du-quebec-lora-boisvert-9782898246067.html?srsltid=AfmBOor7oAlsLPCFogjwyVnSrrwXalyoc8gsl3IInG0Y86quwmvQRW2D,,,,,6-8 ans,,,,kg,,,active
la-fee-des-dents-adore-lhalloween,La fée des dents adore l'halloween !,"<h4 class=""font_8"" data-mce-fragment=""1""><span data-mce-fragment=""1"">Collection Mes grands albums | Dès 3 ans</span></h4>
<p><meta charset=""UTF-8""><span>C’est l’Halloween, la fête préférée de la fée des dents et de son assistant Parmesan. Leur mission : se rendre à Citrouilleville pour récupérer la dent de Ludovic. Mais le jeune garçon n’est pas à la maison… Comment faire pour le retrouver parmi tous les enfants déguisés?</span></p>
<ul></ul>",Auzou,Non classé,"","fée, LivreCaro",true,Title,Default Title,,,,,,,,,0.0,,deny,manual,1000.00,,false,false,,,,,,https://cdn.shopify.com/s/files/1/0655/5962/5944/files/fee4.jpg?v=1725642106,1,"",false,,,,,,https://www.leslibraires.ca/livres/la-fee-des-dents-adore-l-carolyn-chouinard-9782898245527.html,,,,,0-5 ans,,,,kg,,,active
le-bunker-de-la-peur,Le bunker de la peur,"<div data-testid=""richTextElement"" class=""_1Q9if _3bcaz"" id=""comp-ksqkyxib"" data-mce-fragment=""1"">
<h4 class=""font_2"" data-mce-fragment=""1"">Collection Panik | Dès 9 ans<br>
</h4>
</div>
<div data-testid=""richTextElement"" class=""_1Q9if _3bcaz"" id=""comp-ksqkyxie"" data-mce-fragment=""1"">
<p class=""font_8"" data-mce-fragment=""1""><meta charset=""UTF-8""><span>Éliot passe tous ses étés au Club du Radar, un centre de villégiature qui a été construit sur une ancienne base militaire. Sa vie bascule lorsqu’il apprend qu’un promoteur s’apprête à démolir tous les chalets et à raser la forêt pour les remplacer par une station de ski. Ses amis et lui doivent vite se réunir dans leur repaire pour trouver une solution. Mais des phénomènes étranges se produisent de plus en plus souvent dans l’ancienne tour de contrôle. L'endroit serait-il hanté ? De multiples dangers guettent le groupe d’amis, engagés dans une quête passionnante...</span>     </p>
</div>",Éditions Auzou,Non classé,"","9 ans, LivreCaro",true,Title,Default Title,,,,,,,,,0.0,,deny,manual,1000.00,,false,false,,,,,,https://cdn.shopify.com/s/files/1/0655/5962/5944/files/PanikBunker.jpg?v=1723227148,1,"",false,,,,,,https://www.leslibraires.ca/livres/le-bunker-de-la-peur-carolyn-chouinard-9782898245220.html,,,,,9-12 ans,,,,kg,,,active
le-retour,Le retour,"<div id=""comp-ksqkyxib"" class=""_1Q9if _3bcaz"" data-testid=""richTextElement"" data-mce-fragment=""1"">
<h4 class=""font_2"" data-mce-fragment=""1"">Collection L'Autre Monde Tome 2 | Dès 9 ans<br>
</h4>
</div>
<div id=""comp-ksqkyxie"" class=""_1Q9if _3bcaz"" data-testid=""richTextElement"" data-mce-fragment=""1"">
<p class=""font_8"" data-mce-fragment=""1""><meta charset=""UTF-8""><span>Lubdan est de retour dans l’Autre Monde, ce qui signifie que les faes sont en danger. Si le roi déchu récupère le trône qui appartient maintenant au roi Henri, il ne fait aucun doute que les faes seront à nouveau pourchassés et bannis de la cité. Alors que Tomas fait connaissance avec son ancêtre et qu’il découvre cet univers, le roi Henri disparaît. On accuse l’adolescent d’avoir enlevé le souverain et sa tête est mise à prix. Tomas doit apprendre à maîtriser ses pouvoirs au plus vite. Il pourra ainsi se défendre et aider ses nouveaux amis à mettre un terme aux manigances du roi déchu.</span>       </p>
</div>",Éditions Boomerang,Non classé,"","9 ans, LivreCaro",true,Title,Default Title,,,,,,,,,0.0,,deny,manual,1000.00,,false,false,,,,,,https://cdn.shopify.com/s/files/1/0655/5962/5944/files/CouvAutre2.jpg?v=1723226256,1,"",false,,,https://boomerangjeunesse.com/wp-content/uploads/2024/06/BM_Fiche-pedagogique_Slalom_Autre-monde-le-retour_V2.pdf,,https://www.calameo.com/read/0037617928a50e7268b4d,https://www.leslibraires.ca/livres/l-autre-monde-t-2-le-carolyn-chouinard-9782897099299.html,,,,,9-12 ans,,,,kg,,,active
compte-a-rebours-2,Le puits magique,"<div id=""comp-ksqkyxib"" class=""_1Q9if _3bcaz"" data-testid=""richTextElement"">
<h4 class=""font_2"">Compte à rebours - Tome 2 | Dès 8 ans<br>
</h4>
</div>
<div id=""comp-ksqkyxie"" class=""_1Q9if _3bcaz"" data-testid=""richTextElement"">
<p class=""font_8"" style=""text-align: left;""><span>Il y a plus de vingt ans, le grand-père de Nathan a inventé une machine à voyager dans le temps. Depuis, il visite le passé et il raconte ses aventures dans des carnets d’écriture. Dans l’un d’eux, Nathan apprend que Léo a découvert un puits qui exauce les souhaits. Et s’il retrouvait cet artéfact magique pour que son désir le plus cher se réalise ? Il pourrait ainsi faire oublier à ses parents ce projet de déménagement…</span></p>
</div>",Andara,Non classé,"","9 ans, LivreCaro",true,Title,Default Title,,,,,,,,,0.0,,deny,manual,1000.00,,false,false,,,,,,https://cdn.shopify.com/s/files/1/0655/5962/5944/files/CV_CaR_PuitsMagique_Tome2_E2.jpg?v=1714673071,1,"",false,,,,,https://www.calameo.com/read/003761792dcf53b532519,https://www.leslibraires.ca/livres/compte-a-rebours-t-2-le-carolyn-chouinard-9782897467593.html,,,,qui-es-tu-mysterieux-inconnu,9-12 ans,,,,kg,,,active
le-sablier-arc-en-ciel,Le sablier arc-en-ciel,"<div data-testid=""richTextElement"" class=""_1Q9if _3bcaz"" id=""comp-ksqkyxib"">
<h4 class=""font_2"">
<span>Carnet secret d'une licorne Tome 6</span><span> | Dès 8 ans</span>
</h4>
<div data-testid=""richTextElement"" class=""_1Q9if _3bcaz"" id=""comp-ksqi6009"">
<p class=""font_8""><span>Cher journal, de fortes pluies ont fait céder la digue et la maison de Rose a été endommagée. La licornette veut renverser le cours du temps pour que le barrage soit renforcé avant qu’il ne cède. Mais est-ce vraiment une bonne idée d’utiliser la magie noire pour parvenir à nos fins? </span></p>
</div>
</div>
<div data-testid=""richTextElement"" class=""_1Q9if _3bcaz"" id=""comp-ksqkyxie"">
<p style=""text-align: right;"" class=""font_8"">                                                          Princesse Sofia</p>
</div>",Auzou,Non classé,"","8 ans, licorne, LivreCaro",true,Title,Default Title,,,,,,,,,0.0,,deny,manual,1000.00,,false,false,,,,,,https://cdn.shopify.com/s/files/1/0655/5962/5944/files/AUZOU_Roman_Maxi_Carnet-licorne_Tome-6_CV_V4.jpg?v=1711049739,1,"",false,,,,,,https://www.leslibraires.ca/livres/carnet-secret-d-une-licorne-6-carolyn-chouinard-9782898244247.html,,,,,6-8 ans,,,,kg,,,active
aventuriers-des-mers-1,Aventuriers des mers 1,"<h4 class=""font_2"">
<span>Aventuriers des mers </span><span>Tome 1</span><span> | </span><span data-mce-fragment=""1"" mce-data-marked=""1"">Dès 7 ans</span>
</h4>
<p data-mce-fragment=""1"">Prisonnier sur une île légendaire portant le nom de Libertalia, William doit amasser 400 doublons d’or afin d’acheter sa liberté. Mais voilà qu’il entend parler du célèbre pirate La Buse. Avant de mourir, ce bandit des mers aurait lancé dans la foule un mystérieux message codé que personne n’a réussi à déchiffrer jusqu’à maintenant. William parviendra-t-il à résoudre cette énigme et à mettre la main sur le précieux butin afin de rentrer à la maison?</p>
<p data-mce-fragment=""1""><em>*Note: Aventuriers des mers 1 est une adaptation pour les plus jeunes lecteurs de Bandits des mers 1 avec quelques nouvelles énigmes!</em></p>",Les éditions AppLit,,"",Livre,true,Title,Default Title,,,,,,,,,1000.0,,deny,manual,20.00,,true,false,,,,,,https://cdn.shopify.com/s/files/1/0655/5962/5944/files/Couv.jpg?v=1711045604,1,"",false,,"Lora Boisvert et Carolyn Chouinard te proposent une expérience immersive géniale alliant littérature et réalité augmentée. Grâce à l’application numérique, plonge au cœur de l’intrigue, observe les décors à 360&nbsp;degrés et résous les énigmes! &nbsp;",,"<p data-mce-fragment=""1"">Prisonnier sur une île légendaire portant le nom de Libertalia, William doit amasser 400 doublons d’or afin d’acheter sa liberté. Mais voilà qu’il entend parler du célèbre pirate La Buse. Avant de mourir, ce bandit des mers aurait lancé dans la foule un mystérieux message codé que personne n’a réussi à déchiffrer jusqu’à maintenant. William parviendra-t-il à résoudre cette énigme et à mettre la main sur le précieux butin afin de rentrer à la maison?</p>
<p data-mce-fragment=""1""><em>*Note: Aventuriers des mers 1 est une adaptation pour les plus jeunes lecteurs de Bandits des mers 1 avec quelques nouvelles énigmes!</em></p>",,,,,,,,,,,kg,,,active
spectacle-et-rivalite,Spectacle et rivalité,"<div id=""comp-ksqkyxib"" class=""_1Q9if _3bcaz"" data-testid=""richTextElement"" data-mce-fragment=""1"">
<h4 class=""font_2"" data-mce-fragment=""1""><span data-mce-fragment=""1"" mce-data-marked=""1"">Reine de la glace Tome 4 | Dès 8 ans</span></h4>
<p><span>Coucou, c’est Mila! Avec la fin de la saison de patinage artistique arrive le spectacle annuel.</span></p>
<p><span> Grande nouvelle : le club des Pirouettes se joindra à nous pour l’événement. </span></p>
<p><span>Arriverons- nous à nous entendre avec nos rivaux pour créer un spectacle grandiose?</span></p>
</div>",Auzou,Non classé,"","8 ans, livreLora, patin",true,Title,Default Title,,,,,,,,,0.0,,deny,manual,1000.00,,false,false,,,,,,https://cdn.shopify.com/s/files/1/0655/5962/5944/files/Tome4CV.jpg?v=1707266362,1,"",false,,,,,,https://www.leslibraires.ca/livres/reine-de-la-glace-t-4-lora-boisvert-9782898244209.html,,,,,6-8 ans,,,,kg,,,active
la-fee-des-dents-est-amoureuse,La fée des dents est amoureuse,"<h4 class=""font_8"" data-mce-fragment=""1""><span data-mce-fragment=""1"">Collection Mes grands albums | Dès 3 ans</span></h4>
<p><span data-mce-fragment=""1"">Dentelle, la fée des dents, est heureuse de faire la connaissance de Reblochon, le cousin de son assistant Parmesan. Lorsque le charmant mulot propose de les accompagner au village de Saint-Valentin, où ils doivent récupérer la dent de la petite Yuna, Dentelle accepte. Mais Parmesan est inquiet. Va-t-il perdre sa place auprès de la fée des dents?</span></p>
<ul></ul>",Auzou,Non classé,"","fée, LivreCaro",true,Title,Default Title,,,,,,,,,0.0,,deny,manual,1000.00,,false,false,,,,,,https://cdn.shopify.com/s/files/1/0655/5962/5944/files/couvFee_Page_01.jpg?v=1704902490,1,"",false,,,,,,https://www.leslibraires.ca/livres/la-fee-des-dents-est-amoureuse-carolyn-chouinard-9782898244254.html,,,,,0-5 ans,,,,kg,,,active
parcours-litteraire-bandits-des-mers,Parcours littéraire Bandits des mers,"<p data-mce-fragment=""1"">Le parcours littéraire interactif est une façon ludique d'intégrer les arts numériques et la littérature grâce à une activité clés en main que vous déployez à l'intérieur de votre établissement au moment de votre choix. Le parcours, contenant une dizaine de stations, s'inspire du roman Bandits des mers et il s'adresse aux lecteurs de 7 ans et plus. Pour accéder au contenu numérique, un appareil mobile doit être utilisé afin de balayer les illustrations. Vous pourrez ainsi observer l'environnement à 360 degrés, résoudre les énigmes et plonger au cœur de l’intrigue!</p>",Les Éditions AppLit,,"","",true,Title,Default Title,,,,,,,,"",300.0,,deny,manual,40.00,,true,false,,,,,,https://cdn.shopify.com/s/files/1/0655/5962/5944/files/PXL_20230920_202949995_bee82313-4661-4a3a-b8d7-370f6aa021ac.jpg?v=1695404923,1,"",false,,,,,,,,,,,,,,,kg,,,active
le-tresor-perdu-du-capitaine-john,Le trésor perdu du capitaine John,"<h4 class=""font_2"">
<span>Bandits des mers </span><span>Tome 2</span><span> | </span><span data-mce-fragment=""1"">Dès 9 ans</span>
</h4>
<p data-mce-fragment=""1"">William est en route vers le continent, lorsque le galion du capitaine Boom est attaqué par Tyler et sa bande. Déterminé à revoir ses proches, l'adolescent quitte le navire en espérant atteindre l'île Sainte-Marie au plus vite. Mais les retrouvailles avec sa famille devront attendre. <br></p>
<p data-mce-fragment=""1"">Pour sauver son amie Kimora, Will doit mettre la main sur un trésor d'une valeur inestimable ayant appartenu au capitaine John Taylor. </p>
<p data-mce-fragment=""1"">Saura-t-il éviter les nombreux pièges qui se dresseront sur son chemin? </p>",Les éditions AppLit,Non classé,"",Livre,true,Title,Default Title,,,,,,,,,290.0,,deny,manual,25.00,,true,false,,,,,,https://cdn.shopify.com/s/files/1/0655/5962/5944/files/Roman_Bandit-de-mer_Tome-2_CV_V5.jpg?v=1695403347,1,"",false,,"Lora Boisvert et Carolyn Chouinard te proposent une expérience immersive géniale alliant littérature et réalité augmentée. Grâce à l’application numérique, plonge au cœur de l’intrigue, observe les décors à 360&nbsp;degrés et résous les énigmes! &nbsp;",,"William est en route vers le continent, lorsque le galion du capitaine Boom est attaqué par Tyler et sa bande. Déterminé à revoir ses proches, l'adolescent quitte le navire en espérant atteindre l'île Sainte-Marie au plus vite. Mais les retrouvailles avec sa famille devront attendre. 

Pour sauver son amie Kimora, Will doit mettre la main sur un trésor d'une valeur inestimable ayant appartenu au capitaine John Taylor. 

Saura-t-il éviter les nombreux pièces qui se dresseront sur son chemin? ",,,,,,,,,,,kg,,,active
lautre-monde,La quête,"<div data-mce-fragment=""1"" id=""comp-ksqkyxib"" class=""_1Q9if _3bcaz"" data-testid=""richTextElement"">
<h4 data-mce-fragment=""1"" class=""font_2"">Collection L'Autre Monde Tome 1 | Dès 9 ans<br>
</h4>
</div>
<div data-mce-fragment=""1"" id=""comp-ksqkyxie"" class=""_1Q9if _3bcaz"" data-testid=""richTextElement"">
<p data-mce-fragment=""1"" class=""font_8""><span data-mce-fragment=""1"">Depuis son enfance, Tomas travaille sur le bateau qui appartient à son grand-père et qui assure le transport vers la Grosse-île pendant la saison estivale. Alors que l’adolescent célèbre tout juste son quinzième anniversaire, d’étranges phénomènes se produisent en sa présence. Des illustrations apparaissent sur les pages d’un grimoire que lui a offert sa meilleure amie tandis que des rêves prémonitoires hantent ses nuits. Et si ces manifestations avaient un lien avec son arrière-arrière-grand-père ? À ce qu’on raconte, son ancêtre possédait des dons particuliers et une mèche blanche ornait sa tignasse rousse, tout comme la sienne…</span>              </p>
</div>",Éditions Boomerang,Non classé,"","9 ans, LivreCaro",true,Title,Default Title,,,,,,,,,0.0,,deny,manual,1000.00,,false,false,,,,,,https://cdn.shopify.com/s/files/1/0655/5962/5944/files/CV_Slalom_LautreMonde1_E4.jpg?v=1691698443,1,"",false,,,https://boomerangjeunesse.com/wp-content/uploads/2023/08/BM_Fiche-pedagogique_Slalom_lautre-monde.pdf,,https://www.calameo.com/read/003761792dd336b398827,https://www.leslibraires.ca/livres/l-autre-monde-01-la-quete-carolyn-chouinard-9782897098629.html,,,,,9-12 ans,,,,kg,,,active
compte-a-rebours,Enquête à Camelot,"<div id=""comp-ksqkyxib"" class=""_1Q9if _3bcaz"" data-testid=""richTextElement"">
<h4 class=""font_2"">Compte à rebours - Tome 1 | Dès 8 ans<br>
</h4>
</div>
<div id=""comp-ksqkyxie"" class=""_1Q9if _3bcaz"" data-testid=""richTextElement"">
<p class=""font_8"" style=""text-align: left;""><span>Lorsque son grand-père disparaît, Nathan, un jeune garçon de douze ans, part à sa recherche. Il découvre que la machine à gommes qui se trouve dans le bureau de Léo n’a pas qu’une seule fonction. Elle permet aussi de voyager dans le temps ! Bien malgré lui, Nathan sera téléporté au Moyen-Âge. Il devra aider son grand-père à retrouver l’épée Excalibur qui appartient au roi Arthur. Nathan n’aura que quarante-huit heures pour résoudre l’enquête, sinon, lui et son grand-père resteront coincés à tout jamais dans le passé...</span></p>
</div>",Andara,Non classé,"","9 ans, LivreCaro",true,Title,Default Title,,,,,,,,"",0.0,,deny,manual,1000.00,,false,false,,,,,,https://cdn.shopify.com/s/files/1/0655/5962/5944/products/compterebours.jpg?v=1678474750,1,"",false,,,,,https://www.calameo.com/read/003761792e660b63a53b9,https://www.leslibraires.ca/livres/compte-a-rebours-t-1-enquete-carolyn-chouinard-9782897466480.html,,,,qui-es-tu-mysterieux-inconnu,9-12 ans,,,,kg,,,active
la-fee-des-dents-au-pays-des-bonbons,La fée des dents au Pays des bonbons,"<h4 class=""font_8"" data-mce-fragment=""1""><span data-mce-fragment=""1"">Collection Mes grands albums | Dès 3 ans</span></h4>
<p class=""font_8"" data-mce-fragment=""1""><span>Les jumeaux Jules et Juliette ont perdu chacun une dent. Dentelle, la fée des dents, et Parmesan le souriceau, son assistant, souhaitent leur offrir des sucette arc-en-ciel. On peut en trouver à la boutique Pain d’épice, perchée tout en haut du Pays des bonbons. Pour éviter les ennuis, il ne faut rien manger en cours de route. Une mission quasi impossible pour Parmesan le gourmand...</span></p>
<p class=""font_8"" data-mce-fragment=""1""> </p>
<p class=""font_8"" data-mce-fragment=""1""><span data-mce-fragment=""1"">Thèmes:</span></p>
<ul>
<li><span data-mce-fragment=""1"">La fée des dents</span></li>
<li><span data-mce-fragment=""1"">La gourmandise</span></li>
<li><span data-mce-fragment=""1"">L'aventure</span></li>
</ul>",Auzou,Non classé,"","fée, LivreCaro",true,Title,Default Title,,,,,,,,"",0.0,,deny,manual,1000.00,,false,false,,,,,,https://cdn.shopify.com/s/files/1/0655/5962/5944/products/fee2.jpg?v=1678474202,1,"",false,,,,,,https://pantoute.leslibraires.ca/livres/la-fee-des-dents-au-pays-carolyn-chouinard-9782898243202.html,,,,,0-5 ans,,,,kg,,,active
les-princes-ont-disparu,Les princes ont disparu!,"<div id=""comp-ksqkyxib"" class=""_1Q9if _3bcaz"" data-testid=""richTextElement"">
<h4 class=""font_2"">
<span>Carnet secret d'une licorne </span><span>Tome 5</span><span> | </span><span data-mce-fragment=""1"" mce-data-marked=""1"">Dès 8 ans</span>
</h4>
<p class=""font_2"">Cher journal, c’est la panique au château. Mes frères jumeaux ont disparu. Sont-ils en danger ? Depuis, le royaume est fouillé de fond en comble par les gardes. Je suis tellement inquiète !                                        </p>
</div>",Auzou,Non classé,"","8 ans, licorne, LivreCaro",true,Title,Default Title,,,,,,,,"",0.0,,deny,manual,1000.00,,false,false,,,,,,https://cdn.shopify.com/s/files/1/0655/5962/5944/products/licorne5.jpg?v=1678198110,1,"",false,,,,,,https://www.leslibraires.ca/livres/carnet-secret-d-une-licorne-5-carolyn-chouinard-9782898243189.html?u=39104,,,,,9-12 ans,,,,kg,,,active
patinage-avec-les-stars,Patinage avec les stars!,"<div id=""comp-ksqkyxib"" class=""_1Q9if _3bcaz"" data-testid=""richTextElement"" data-mce-fragment=""1"">
<h4 class=""font_2"" data-mce-fragment=""1""><span data-mce-fragment=""1"" mce-data-marked=""1"">Reine de la glace Tome 3 | Dès 8 ans</span></h4>
<p><span>Coucou, c'est Mila! </span></p>
<p><span>Des patineurs olympiques nous ont proposé de faire du bénévolat pour l’événement Féerie hivernale. Youpi ! Non seulement je vais passer la fin de semaine avec mes amis du club, mais en plus il est prévu que je patine devant mes idoles. L’un de mes rêves devient réalité!</span></p>
</div>",Auzou,Non classé,"","8 ans, livreLora, patin",true,Title,Default Title,,,,,,,,"",0.0,,deny,manual,1000.00,,false,false,,,,,,https://cdn.shopify.com/s/files/1/0655/5962/5944/products/Reine3.jpg?v=1675270569,1,"",false,,,,,,https://www.leslibraires.ca/livres/patinage-avec-les-stars-lora-boisvert-9782898243196.html,,,,,6-8 ans,,,,kg,,,active
magie-noire,Magie noire,"<div id=""comp-ksqkyxib"" class=""_1Q9if _3bcaz"" data-testid=""richTextElement"" data-mce-fragment=""1"">
<h4 class=""font_2"" data-mce-fragment=""1"">
<span data-mce-fragment=""1"">L'espion des dragons Tome 4</span><span> | Dès 8 ans</span>
</h4>
<p><span>À notre retour de promenade, Etna et moi trouvons le château complètement désert. Mais où sont passés tous les dragons rouges qui y résident? Ça ne fait aucun doute: la magie noire est à l’oeuvre. Un seul sorcier peut contrecarrer les plans de la vilaine Coquerelle. Heureusement, la princesse sait où il habite…</span></p>
</div>",Auzou,Non classé,"","8 ans, dragon, LivreCaro",true,Title,Default Title,,,,,,,,"",0.0,,deny,manual,1000.00,,false,false,,,,,,https://cdn.shopify.com/s/files/1/0655/5962/5944/products/AUZOU_Roman_Maxi_Dragons_Tome4_CV_V8.jpg?v=1666038674,1,"",false,,,,,,https://www.leslibraires.ca/livres/l-espion-des-dragons-4-t-carolyn-chouinard-9782898242564.html,,,,,9-12 ans,,,,kg,,,active
livret,Livret,"<p>Le livret a été conçu pour balayer les illustrations du roman Le message secret de La Buse plus facilement. </p>
<p>Replie le livret sur lui-même pour faciliter la détection des images. </p>",Les éditions AppLit,,"","",true,Title,Default Title,,,,,,,,"",40.0,,deny,manual,5.00,,true,false,,,,,,https://cdn.shopify.com/s/files/1/0655/5962/5944/products/LivretCouv.jpg?v=1665509883,1,"",false,,,,,,,,,,,,,,,kg,,,active
le-bal-des-fees,Le bal des fées,"<div id=""comp-ksqkyxib"" class=""_1Q9if _3bcaz"" data-testid=""richTextElement"">
<h4 class=""font_2"">
<span>Carnet secret d'une licorne Tome 4</span><span> | Dès 8 ans</span>
</h4>
<div id=""comp-ksqgzym1"" class=""_1Q9if _3bcaz"" data-testid=""richTextElement"">
<p class=""font_8""><span>Cher journal, Je viens d'apprendre que grand-mère Sybelle organisait autrefois un bal pour les licorneaux et les licornettes du royaume. Mes amis sont d'accord pour m'aider à le préparer, mais les fées nous offriront-elles leur aide? Sans elles, le bal ne pourra pas avoir lieu...</span></p>
</div>
</div>
<div id=""comp-ksqkyxie"" class=""_1Q9if _3bcaz"" data-testid=""richTextElement"">
<p class=""font_8"" style=""text-align: right;"">                                                          Princesse Sofia</p>
</div>",Auzou,Non classé,"","8 ans, licorne, LivreCaro",true,Title,Default Title,,,,,,,,"",0.0,,deny,manual,1000.00,,false,false,,,,,,https://cdn.shopify.com/s/files/1/0655/5962/5944/products/licorne4.jpg?v=1661289536,1,"",false,,,,,,https://www.leslibraires.ca/livres/carnet-secret-d-une-licorne-4-carolyn-chouinard-9782898241963.html,,,,qui-es-tu-mysterieux-inconnu,9-12 ans,,,,kg,,,active
lieux-hantes,Lieux hantés,"<h4 class=""font_2"" data-mce-fragment=""1"">Super frissons - Collection Peur bleue | Dès 9 ans</h4>
<div data-testid=""richTextElement"" class=""_1Q9if _3bcaz"" id=""comp-kw4zky8k"">
<p class=""font_2""><span>Ce volume comprend 3 histoires:</span><br></p>
<ul>
<li>Jeux dangereux à Québec</li>
<li>Le détenu de Trois-Rivières</li>
<li>Terreur sur l'île</li>
</ul>
</div>
<div data-testid=""richTextElement"" class=""_1Q9if _3bcaz"" id=""comp-kw4zky8l"">
<p class=""font_8""><span><span class=""color_32"">À la découverte des lieux hantés de chez nous: </span></span><span><span class=""color_32""><span class=""wixGuard"">​</span></span></span></p>
<ul>
<li>Dans le vieux Québec, Justin et Alicia sont poursuivis par des fantômes.</li>
<li>À Trois-Rivières, Cédrick et Samuel enquêtent sur un mystérieux prisonnier.</li>
<li>Sur la Grosse-Île, le rallye nocturne d'Alexy est menacé par un criminel en cavale.</li>
</ul>
<p class=""font_8""><span class=""color_32"">Entre suspense et épouvante, 3 romans pour avoir des sueurs froides.</span></p>
</div>",Éditions Héritage,Non classé,"","9 ans, Frisson, LivreCaro",true,Title,Default Title,,,,,,,,"",0.0,,deny,manual,1000.00,,false,false,,,,,,https://cdn.shopify.com/s/files/1/0655/5962/5944/products/978-2-89812-300-9.webp?v=1661032074,1,"",false,,,,,https://www.dominiqueetcompagnie.com/catalogue/pdf_preview/978-2-7625-9779-0.pdf,,,,,,,,,,kg,,,active
4-histoires-de-ma-jumelle-et-moi,4 histoires de Ma jumelle et moi,"<h4 class=""font_2""><span>Ma jumelle et moi édition 4 aventures | Dès 7 ans</span></h4>
<p><span data-mce-fragment=""1"">Quatre super histoires de la série Ma jumelle &amp; moi. Lire avec des GRANDS caractères, c'est facile et amusant! </span></p>
<p><span data-mce-fragment=""1"">Cette édition rassemble 4 aventures d'Anaïs et Maya:</span></p>
<ul>
<li>La tortue de mer</li>
<li>La chasse au trésor</li>
<li>Un admirateur secret</li>
<li>Un phoque à la rescousse</li>
</ul>
<p><span data-mce-fragment=""1"">Les jumelles Anaïs et Maya voyagent dans le monde entier à bord du voilier de leurs parents le Mary Poppins. Bien qu'identiques physiquement, elles ont des caractères très différents! Suivez leurs aventures à la rescousse d'un bébé tortue en danger sur une plage de Floride, à la chasse au trésor sur l'île Maui de l'archipel d'Hawaï, aux prises avec un étrange admirateur secret au Mexique ou à la rencontre d'un phoque très attachant en Gaspésie.</span></p>",Dominique et Compagnie,Non classé,"","7 ans, jumelle, LivreCaro",true,Title,Default Title,,,,,,,,"",0.0,,deny,manual,1000.00,,false,false,,,,,,https://cdn.shopify.com/s/files/1/0655/5962/5944/products/couv_2.webp?v=1661031845,1,"",false,,,,,,https://www.renaud-bray.com/Livres_Produit.aspx?id=2832610&def=4+histoires+de+Ma+jumelle+et+moi%2cCHOUINARD%2c+CAROLYN%2c9782897857615,,,,,6-8 ans,,,,kg,,,active
animation-a-deux-auteures-soccer-entre-auteures,Soccer entre auteures,"<p><span>Les lecteurs ont la chance de découvrir la série Ma jumelle et moi ainsi que la série Mon jumeau et moi lors d’une compétition amicale entre les deux auteures de la série! Mère et fille s’affrontent lors d’un tournoi de soccer littéraire qui leur permet de présenter quelques romans et de répondre aux questions des élèves sur le monde de l’écriture. L’animation se termine par la lecture d’un extrait de l’un de ces romans. Une présentation dynamique à l’aide d’une planche de jeu virtuelle dont les lecteurs se rappelleront longtemps!</span></p>
<p><span>Durée: 45 à 60 minutes</span></p>",Les éditions AppLit,Non classé,"","anim2, Animation",true,Title,Default Title,,,,,,,,"",0.0,,deny,manual,1000.00,,false,false,,,,,,https://cdn.shopify.com/s/files/1/0655/5962/5944/products/Frame47.png?v=1661200398,1,"",false,,,,"<p>Les lecteurs ont la chance de découvrir la série Ma jumelle et moi ainsi que la série Mon jumeau et moi lors d’une compétition amicale entre les deux auteures de la série! Mère et fille s’affrontent lors d’un tournoi de soccer littéraire qui leur permet de présenter quelques romans et de répondre aux questions des élèves sur le monde de l’écriture. L’animation se termine par la lecture d’un extrait de l’un de ces romans. Une présentation dynamique à l’aide d’une planche de jeu virtuelle dont les lecteurs se rappelleront longtemps!</p>
Durée: 45 à 60 minutes",,,"Troisième cycle
Secondaire un et deux",,"Montréal
En ligne",,,,,,kg,,,active
animation-a-deux-auteures-lecriture-a-4-mains,L'écriture à 4 mains,"<p><span>Après une brève présentation des auteures et de leur façon de travailler ensemble sur une même série, Carolyn et Lora présenteront les cinq tomes de la série So nice! ainsi que leurs sources d’inspiration. Les lecteurs participeront ensuite à un jeu-questionnaire qui leur fera découvrir l’univers de la série. So nice! est l’histoire de Sohane, une adolescente moderne et celle de son grand-père Élie. La jeune fille trouve le carnet d’écriture de son aîné. Ce journal a été écrit alors qu’il était lui-même adolescent. La série nous permet de faire le parallèle entre notre époque et celle des années 50 à plusieurs points de vue (école, famille, communication, déplacement…) Les lecteurs auront grand plaisir à découvrir les mauvais coups que faisait Élie à l’époque.</span></p>
<p><span>Durée: 60 minutes</span></p>",Les éditions AppLit,Non classé,"","anim3, Animation",true,Title,Default Title,,,,,,,,"",0.0,,deny,manual,1000.00,,false,false,,,,,,https://cdn.shopify.com/s/files/1/0655/5962/5944/products/Frame46.png?v=1661200259,1,"",false,,,,"<p>Après une brève présentation des auteures et de leur façon de travailler ensemble sur une même série, Carolyn et Lora présenteront les cinq tomes de la série So nice! ainsi que leurs sources d’inspiration. Les lecteurs participeront ensuite à un jeu-questionnaire qui leur fera découvrir l’univers de la série. So nice! est l’histoire de Sohane, une adolescente moderne et celle de son grand-père Élie. La jeune fille trouve le carnet d’écriture de son aîné. Ce journal a été écrit alors qu’il était lui-même adolescent. La série nous permet de faire le parallèle entre notre époque et celle des années 50 à plusieurs points de vue (école, famille, communication, déplacement…) Les lecteurs auront grand plaisir à découvrir les mauvais coups que faisait Élie à l’époque. </p>

Durée: 60 minutes",,,"Troisième cycle
Secondaire un et deux",,"Montréal
En ligne",,,,,,kg,,,active
aventures-enigmes-et-mysteres-anciens,"Aventures, énigmes et mystères anciens","<p class=""_04xlpA direction-ltr align-justify para-style-body""><span class=""a_GcMg font-feature-liga-off font-feature-clig-off font-feature-calt-off text-decoration-none text-strikethrough-none"">Cette animation me permet de présenter les personnages, l’intrigue ainsi que les sources d’inspiration de trois romans aux styles variés : une série intégrant la réalité augmentée, un roman d’aventure/horreur et une série fantastique. Un point commun les relie : chacun s’inspire de lieux ou de personnages ayant réellement existé. Je profiterai de cette rencontre pour expliquer mon processus d’écriture, détailler les différentes étapes de l’édition et répondre aux questions des élèves.</span></p>
<p class=""_04xlpA direction-ltr align-justify para-style-body""><span class=""JsGRdQ"">Durée: Une période</span></p>",Les éditions AppLit,Non classé,"","anim3, Animation",true,Title,Default Title,,,,,,,,"",0.0,,deny,manual,1000.00,,false,false,,,,,,https://cdn.shopify.com/s/files/1/0655/5962/5944/files/Frame99.png?v=1759175768,1,"",false,,,,"<p>Cette animation me permet de présenter les personnages, l’intrigue ainsi que les sources d’inspiration de trois romans aux styles variés : une série intégrant la réalité augmentée, un roman d’aventure/horreur et une série fantastique. Un point commun les relie : chacun s’inspire de lieux ou de personnages ayant réellement existé. Je profiterai de cette rencontre pour expliquer mon processus d’écriture, détailler les différentes étapes de l’édition et répondre aux questions des élèves.</p>

Durée: Une période",,,Premier cycle,,"Québec
Chaudières-Appalaches",,,,,,kg,,,active
les-royaumes-fantastiques,Les royaumes fantastiques,"<p class=""cvGsUA direction-ltr align-justify para-style-body""><span class=""a_GcMg font-feature-liga-off font-feature-clig-off font-feature-calt-off text-decoration-none text-strikethrough-none"">L’animation débute par la lecture interactive d’une histoire où dragons et licornes se côtoient dans l’univers magique des royaumes fantastiques. Les élèves feront la connaissance de Pendragon, un petit dragon attendrissant et très différent des autres, ainsi que de Sofia, la princesse du royaume des licornes. Par la suite, j'inviterai les élèves à deviner la fin de l’histoire.</span><span class=""a_GcMg font-feature-liga-off font-feature-clig-off font-feature-calt-off text-decoration-none text-strikethrough-none white-space-prewrap""> </span></p>
<p class=""cvGsUA direction-ltr align-justify para-style-body""> </p>
<p class=""cvGsUA direction-ltr align-justify para-style-body""><span class=""a_GcMg font-feature-liga-off font-feature-clig-off font-feature-calt-off text-decoration-none text-strikethrough-none"">La rencontre me permettra également de présenter mon processus d’écriture. Je partagerai avec les élèves les différentes étapes qui transforment une simple idée en une histoire complète.</span></p>
<p class=""_04xlpA direction-ltr align-justify para-style-body""> </p>
<p class=""_04xlpA direction-ltr align-justify para-style-body""><span class=""JsGRdQ"">Durée: 45 à 60 minutes</span></p>",Les éditions AppLit,Non classé,"","anim2, Animation",true,Title,Default Title,,,,,,,,"",0.0,,deny,manual,10000.00,,false,false,,,,,,https://cdn.shopify.com/s/files/1/0655/5962/5944/files/Frame44.jpg?v=1759178121,1,"",false,,,,"<p>L’animation débute par la lecture interactive d’une histoire où dragons et licornes se côtoient dans l’univers magique des royaumes fantastiques. Les élèves feront la connaissance de Pendragon, un petit dragon attendrissant et très différent des autres, ainsi que de Sofia, la princesse du royaume des licornes. Par la suite, j'inviterai les élèves à deviner la fin de l’histoire.</p>

<p>La rencontre me permettra également de présenter mon processus d’écriture. Je partagerai avec les élèves les différentes étapes qui transforment une simple idée en une histoire complète.</p>

Durée: 45 à 60 minutes ",,,Premier cycle,,"Québec
Chaudières-Appalaches",,,,,,kg,,,active
la-fee-des-dents-part-en-mission-1,Fée ou licorne?,"<p class=""cvGsUA direction-ltr align-justify para-style-body""><span class=""a_GcMg font-feature-liga-off font-feature-clig-off font-feature-calt-off text-decoration-none text-strikethrough-none"">Au cours de cette animation, je ferai la lecture d’un album aux élèves, tiré de l’une des deux séries suivantes : </span><em><span class=""a_GcMg font-feature-liga-off font-feature-clig-off font-feature-calt-off text-decoration-none text-strikethrough-none"">La fée des dents</span><span class=""a_GcMg font-feature-liga-off font-feature-clig-off font-feature-calt-off text-decoration-none text-strikethrough-none""> ou </span><span class=""a_GcMg font-feature-liga-off font-feature-clig-off font-feature-calt-off text-decoration-none text-strikethrough-none"">Léa la licorne</span><span class=""a_GcMg font-feature-liga-off font-feature-clig-off font-feature-calt-off text-decoration-none text-strikethrough-none"">.</span></em></p>
<p class=""cvGsUA direction-ltr align-justify para-style-body""><span class=""a_GcMg font-feature-liga-off font-feature-clig-off font-feature-calt-off text-decoration-none text-strikethrough-none"">Dans les quatre albums de la série<em> </em></span><em><span class=""a_GcMg font-feature-liga-off font-feature-clig-off font-feature-calt-off text-decoration-none text-strikethrough-none"">La fée des dents</span></em><span class=""a_GcMg font-feature-liga-off font-feature-clig-off font-feature-calt-off text-decoration-none text-strikethrough-none"">, la petite fée part en mission pour récupérer la dent d’un enfant, accompagnée de son assistant Parmesan, une souris aussi attachante que maladroite.</span></p>
<p class=""cvGsUA direction-ltr align-justify para-style-body""><em><span class=""a_GcMg font-feature-liga-off font-feature-clig-off font-feature-calt-off text-decoration-none text-strikethrough-none"">Léa la licorne se fait des amis</span></em><span class=""a_GcMg font-feature-liga-off font-feature-clig-off font-feature-calt-off text-decoration-none text-strikethrough-none""> raconte l’histoire de Léa, une licorne des tropiques qui emménage dans un nouveau royaume et tente de s’intégrer parmi les licornes des bois, malgré leurs différences.</span></p>
<p class=""cvGsUA direction-ltr align-justify para-style-body""><span class=""a_GcMg font-feature-liga-off font-feature-clig-off font-feature-calt-off text-decoration-none text-strikethrough-none"">Des questions seront posées aux élèves après la lecture afin de favoriser l’échange et la réflexion.</span></p>
<p class=""_04xlpA direction-ltr align-justify para-style-body""><span class=""JsGRdQ"">Durée: 25 à 30 minutes</span></p>",Les éditions AppLit,Non classé,"","Animation, animPresco",true,Title,Default Title,,,,,,,,"",0.0,,deny,manual,1000.00,,false,false,,,,,,https://cdn.shopify.com/s/files/1/0655/5962/5944/files/Frame43.png?v=1759178271,1,"",false,,,,"<p>Au cours de cette animation, je ferai la lecture d’un album aux élèves, tiré de l’une des deux séries suivantes : <i>La fée des dents ou Léa la licorne.</i></p>

<p>Dans les quatre albums de la série <i>La fée des dents</i>, la petite fée part en mission pour récupérer la dent d’un enfant, accompagnée de son assistant Parmesan, une souris aussi attachante que maladroite.</p>

<p><i>Léa la licorne se fait des amis</i> raconte l’histoire de Léa, une licorne des tropiques qui emménage dans un nouveau royaume et tente de s’intégrer parmi les licornes des bois, malgré leurs différences.</p>

<p>Des questions seront posées aux élèves après la lecture afin de favoriser l’échange et la réflexion.</p>

Durée: 25 à 30 minutes",,,Maternelle,,"Québec
Chaudières-Appalaches",,,,,,kg,,,active
la-competition,La compétition!,"<div data-mce-fragment=""1"" id=""comp-ksqkyxib"" class=""_1Q9if _3bcaz"" data-testid=""richTextElement"">
<h4 data-mce-fragment=""1"" class=""font_2""><span data-mce-fragment=""1"" mce-data-marked=""1"">Reine de la glace Tome 2  | Dès 8 ans</span></h4>
<p><span>Je m’appelle Mila. Ma saison de patinage artistique vient juste de débuter. Cette année, ma coach souhaite que je réussisse mon axel. Ce saut est si difficile ! Dans quelques semaines, une compétition aura lieu à mon aréna. J’ai hâte d’y participer ! La meilleure équipe gagnera un prix exceptionnel. Est-ce que je serai à la hauteur ?</span></p>
<p> </p>
</div>",Auzou,Non classé,"","8 ans, livreLora, patin",true,Title,Default Title,,,,,,,,"",0.0,,deny,manual,2000.00,,false,false,,,,,,https://cdn.shopify.com/s/files/1/0655/5962/5944/products/Reine2.jpg?v=1661288404,1,"",false,,,https://auzou.ca/pedago/9782898242182_1_20240123164213.pdf,,,https://www.leslibraires.ca/livres/reine-de-la-glace-t-2-lora-boisvert-9782898242182.html,,,,,6-8 ans,,,,kg,,,active
amitie-et-paillettes,Amitié et paillettes!,"<div data-mce-fragment=""1"" data-testid=""richTextElement"" class=""_1Q9if _3bcaz"" id=""comp-ksqkyxib"">
<h4 data-mce-fragment=""1"" class=""font_2""><span data-mce-fragment=""1"">Reine de la glace Tome 1 | Dès 8 ans</span></h4>
<p><span>Je m’appelle Mila. J’adore le patinage artistique et le froid de l’aréna. Pour ma dernière semaine de vacances d’été, je participe à un super camp de patin. J’ai hâte de retrouver mes amis et de sentir la glace sous mes lames! Vais-je me démarquer des autres? Et obtenir le rôle de mes rêves dans le spectacle de clôture?</span></p>
</div>",Auzou,Non classé,"","8 ans, livreLora, patin",true,Title,Default Title,,,,,,,,"",0.0,,deny,manual,10000.00,,false,false,,,,,,https://cdn.shopify.com/s/files/1/0655/5962/5944/products/reine1.jpg?v=1661288306,1,"",false,,,,,,https://www.leslibraires.ca/livres/reine-de-la-glace-amitie-et-lora-boisvert-9782898241338.html,,,,,6-8 ans,,,,kg,,,active
une-nuit-a-lecole,Une nuit à l'école,"<div id=""comp-ksqkyxib"" class=""_1Q9if _3bcaz"" data-testid=""richTextElement"">
<h4 class=""font_2""><span>Ma jumelle et moi Tome 9 | Dès 7 ans</span></h4>
<p class=""font_8""><span>Salut, c’est Anaïs !</span><br><span>On annonce une grosse tempête de neige. Nous devrons passer la nuit à l’école ! Certains élèves semblent inquiets alors que Maya et moi sommes emballées par l’idée de faire du camping dans la bibliothèque...</span></p>
</div>",Dominique et Compagnie,Non classé,"","7 ans, jumelle, LivreCaro",true,Title,Default Title,,,,,,,,"",90.0,,deny,manual,10.95,,true,false,,,,,,https://cdn.shopify.com/s/files/1/0655/5962/5944/products/9782897854690.jpg?v=1659467947,1,"",false,,,,,,https://www.leslibraires.ca/livres/ma-jumelle-moi-t-9-une-carolyn-chouinard-9782897854690.html,,,,,6-8 ans,,,,kg,,,active
une-fete-abracadabrante,Une fête abracadabrante,"<div id=""comp-ksqkyxib"" class=""_1Q9if _3bcaz"" data-testid=""richTextElement"">
<h4 class=""font_2""><span>Ma jumelle et moi Tome 14 | Dès 7 ans</span></h4>
<p class=""font_8""><span>C'est moi, Anaïs! Youpi! Maya et moi passons la fin de semaine au camping avec notre amie Cloé. Mais... catastrophe! Tigrou, le chaton de Cloé est disparu pendant le spectacle de magie. Il faut le retrouver!</span></p>
</div>",Dominique et Compagnie,Non classé,"","7 ans, jumelle, LivreCaro",true,Title,Default Title,,,,,,,,"",90.0,,deny,manual,10.95,,true,false,,,,,,https://cdn.shopify.com/s/files/1/0655/5962/5944/products/9782897859725.jpg?v=1659467893,1,"",false,,,,,,https://www.leslibraires.ca/livres/une-fete-abracadabrante-carolyn-chouinard-9782897859725.html,,,,,6-8 ans,,,,kg,,,active
un-voeu-en-thailande,Un vœu en Thaïlande,"<div id=""comp-ksqkyxib"" class=""_1Q9if _3bcaz"" data-testid=""richTextElement"">
<h4 class=""font_2""><span>Ma jumelle et moi Tome 15 | Dès 7 ans</span></h4>
<p class=""font_8""><span>Coucou, c'est Anaïs! Ça y est, on repart en voyage avec notre voilier! Destination: La Thaïlande. Nous voici sur la piste d'une grotte légendaire. Il paraît que ceux qui vont la visiter voient leurs voeux réalisés... Et si c'était vrai? </span></p>
</div>",Dominique et Compagnie,Non classé,"","7 ans, jumelle, LivreCaro",true,Title,Default Title,,,,,,,,"",90.0,,deny,manual,10.95,,true,false,,,,,,https://cdn.shopify.com/s/files/1/0655/5962/5944/products/9782898200298.jpg?v=1659467831,1,"",false,,,,,https://www.dominiqueetcompagnie.com/catalogue/pdf_preview/978-2-89820-029-8.pdf,https://www.leslibraires.ca/livres/ma-jumelle-et-moi-t-15-carolyn-chouinard-9782898200298.html,,,,,6-8 ans,,,,kg,,,active
un-phoque-a-la-rescousse,Un phoque à la rescousse,"<div id=""comp-ksqkyxib"" class=""_1Q9if _3bcaz"" data-testid=""richTextElement"">
<h4 class=""font_2""><span>Ma jumelle et moi Tome 8 | Dès 7 ans</span></h4>
<p class=""font_8""><span>Coucou, c’est Maya!</span><br><span>Pour la première fois, ma jumelle et moi passons une semaine en Gaspésie chez notre papi sans nos parents. </span><span>C’est excitant! Mais la marée peut être dangereuse et nous voilà prises au piège sur la grève. Au secours, nous avons besoin d’aide!</span></p>
</div>",Dominique et Compagnie,Non classé,"","7 ans, jumelle, LivreCaro",true,Title,Default Title,,,,,,,,"",0.0,,deny,manual,100.00,,false,false,,,,,,https://cdn.shopify.com/s/files/1/0655/5962/5944/products/9782897854171.jpg?v=1659467773,1,"",false,,,,,,,,,,,6-8 ans,,,,kg,,,active
un-admirateur-secret,Un admirateur secret,"<div id=""comp-ksqkyxib"" class=""_1Q9if _3bcaz"" data-testid=""richTextElement"">
<h4 class=""font_2""><span>Ma jumelle et moi Tome 7 | Dès 7 ans</span></h4>
<p class=""font_8""><span>Youpi! Mamie Luce nous a rejoint au Mexique pour quelques jours. On en profite pour relaxer en famille. Mais au pays des pyramides mayas, un admirateur secret s’amuse à jouer avec nos nerfs!</span></p>
</div>",Dominique et Compagnie,Non classé,"","7 ans, jumelle, LivreCaro",true,Title,Default Title,,,,,,,,"",0.0,,deny,manual,100.00,,false,false,,,,,,https://cdn.shopify.com/s/files/1/0655/5962/5944/products/9782897854058.jpg?v=1659467724,1,"",false,,,,,,,,,,,6-8 ans,,,,kg,,,active
souriez-vous-etes-filmees,"Souriez, vous êtes filmées !","<div data-testid=""richTextElement"" class=""_1Q9if _3bcaz"" id=""comp-ksqkyxib"">
<h4 class=""font_2""><span>Ma jumelle et moi Tome 10 | Dès 7 ans </span></h4>
<p class=""font_8""><span>C’est moi, Anaïs ! Nous passons la journée </span><span>aux Glissades des deux montagnes. Surprise! Maya et moi allons participer à leur prochaine campagne publicitaire. </span><span>Sourire devant la caméra, ce ne doit pas être bien compliqué... enfin, c'est ce que je croyais!</span></p>
</div>",Dominique et Compagnie,Non classé,"","7 ans, jumelle, LivreCaro",true,Title,Default Title,,,,,,,,"",0.0,,deny,manual,100.00,,false,false,,,,,,https://cdn.shopify.com/s/files/1/0655/5962/5944/products/9782897854928.jpg?v=1659467672,1,"",false,,,,,,,,,,,6-8 ans,,,,kg,,,active
soccer-entre-amies,Soccer entre amies,"<div data-testid=""richTextElement"" class=""_1Q9if _3bcaz"" id=""comp-ksqkyxib"">
<h4 class=""font_2"">Ma jumelle et moi Tome 13 | Dès 7 ans<br>
</h4>
<p class=""font_8""><span>Coucou, c’est Maya !</span><br><span>Cette semaine, ma famille a accosté en Équateur. Anaïs et moi avons fait la rencontre d’une nouvelle amie : Lucita. Sa passion est le soccer et un grand tournoi est bientôt organisé dans sa ville. </span><span>Ma jumelle et moi, nous allons peut-être pouvoir aider sa famille à le remporter...</span></p>
</div>",Dominique et Compagnie,Non classé,"","7 ans, jumelle, LivreCaro, livreLora, soccer",true,Title,Default Title,,,,,,,,"",90.0,,deny,manual,10.95,,true,false,,,,,,https://cdn.shopify.com/s/files/1/0655/5962/5944/products/9782897855383.jpg?v=1659467592,1,"",false,,,,,,https://www.leslibraires.ca/livres/ma-jumelle-moi-t-11-soccer-carolyn-chouinard-9782897855383.html,,,,,6-8 ans,,,,kg,,,active
le-tournoi-de-lamitie,Le tournoi de l'amitié,"<div id=""comp-ksqkyxib"" class=""_1Q9if _3bcaz"" data-testid=""richTextElement"">
<h4 class=""font_2""><span>Ma jumelle et moi Tome12 | Dès 7 ans</span></h4>
<p class=""font_8""><span>Allô ! C’est moi, Anaïs ! </span><span>Notre enseignante a proposé un projet de jumelage avec les élèves d’une autre école. </span><span>Je n’aurais jamais cru que je rencontrerais Sandrine et encore moins que je jouerais au golf avec elle ! Tout cela </span><span>pour lui venir en aide…</span></p>
</div>",Dominique et Compagnie,Non classé,"","7 ans, jumelle, LivreCaro",true,Title,Default Title,,,,,,,,"",90.0,,deny,manual,10.95,,true,false,,,,,,https://cdn.shopify.com/s/files/1/0655/5962/5944/products/9782897855369.jpg?v=1659467491,1,"",false,,,,,,https://www.leslibraires.ca/livres/ma-jumelle-moi-t-12-le-carolyn-chouinard-9782897855369.html,,,,,6-8 ans,,,,kg,,,active
la-tortue-de-mer,La tortue de mer,"<div id=""comp-ksqkyxib"" class=""_1Q9if _3bcaz"" data-testid=""richTextElement"">
<h4 class=""font_2""><span>Ma jumelle et moi Tome 5 | Dès 7 ans</span></h4>
<p class=""font_8""><span>Coucou, c’est Maya ! Depuis que mamie Luce m’a offert un cahier d’écriture, j’ai décidé d’y raconter notre tour du monde en voilier. Comme cette rencontre avec un bébé tortue en danger sur une plage de Floride… Heureusement que nous l’avons sauvé !</span></p>
</div>",Dominique et Compagnie,Non classé,"","7 ans, jumelle, LivreCaro",true,Title,Default Title,,,,,,,,"",0.0,,deny,manual,100.00,,false,false,,,,,,https://cdn.shopify.com/s/files/1/0655/5962/5944/products/9782897853020.jpg?v=1659467430,1,"",false,,,,,,,,,,,6-8 ans,,,,kg,,,active
la-grande-parade,La grande parade,"<div id=""comp-ksqkyxib"" class=""_1Q9if _3bcaz"" data-testid=""richTextElement"">
<h4 class=""font_2""><span>Ma jumelle et moi Tome 13 | Dès 7 ans</span></h4>
<p class=""font_8""><span>Dans deux dodos, Maya et moi nous allons participer à la parade des jumeaux pour la première fois de notre vie! C'est une grande fête où il y aura des jeux, des concours et un défilé. Tous les participants doivent être costumés. Ma jumelle et moi, nous avons choisi de nous déguiser en sirènes. Qui pourra nous aider à préparer ce grand événement ?</span></p>
</div>",Dominique et Compagnie,Non classé,"","7 ans, jumelle, LivreCaro",true,Title,Default Title,,,,,,,,"",90.0,,deny,manual,10.95,,true,false,,,,,,https://cdn.shopify.com/s/files/1/0655/5962/5944/products/9782897857189.jpg?v=1659467374,1,"",false,,,,,,,,,,,6-8 ans,,,,kg,,,active
la-chasse-au-tresor,La chasse au trésor,"<div id=""comp-ksqkyxib"" class=""_1Q9if _3bcaz"" data-testid=""richTextElement"">
<h4 class=""font_2""><span>Ma jumelle et moi Tome 6 | Dès 7 ans</span></h4>
<p class=""font_8""><span>Sur l'archipel d’Hawaï, ma jumelle et moi nous sommes fait un nouvel ami. Son nom est Kimo. Anaïs a aussi découvert une bouteille dans la mer. Elle contenait une carte de notre île. C’est ainsi que nous avons découvert le trésor de l’île de Maui !</span></p>
</div>",Dominique et Compagnie,Non classé,"","7 ans, jumelle, LivreCaro",true,Title,Default Title,,,,,,,,"",0.0,,deny,manual,100.00,,false,false,,,,,,https://cdn.shopify.com/s/files/1/0655/5962/5944/products/9782897853044.jpg?v=1659467337,1,"",false,,,,,,,,,,,6-8 ans,,,,kg,,,active
la-planche-a-neige,La planche à neige,"<div id=""comp-ksqkyxib"" class=""_1Q9if _3bcaz"" data-testid=""richTextElement"">
<h4 class=""font_2""><span>Ma jumelle et moi Tome 4 | Dès 7 ans</span></h4>
<p class=""font_8""><span>Cela fait quatre ans qu’Anaïs et Maya n’ont pas profité de la neige en hiver, car elles étaient en voyage autour du monde avec leurs parents. Quelle joie de retrouver les flocons! Anaïs aimerait bien s’initier à la planche à neige. Mais ce sport est difficile et dangereux, et elle a un peu peur de tomber, aussi...</span></p>
</div>",Dominique et Compagnie,Non classé,"","7 ans, jumelle, LivreCaro",true,Title,Default Title,,,,,,,,"",90.0,,deny,manual,10.95,,true,false,,,,,,https://cdn.shopify.com/s/files/1/0655/5962/5944/products/978-2-89785-113-2.jpg?v=1659467214,1,"",false,,,,,,,,,,,6-8 ans,,,,kg,,,active
un-chaton-trop-mignon,Un chaton trop mignon !,"<div id=""comp-ksqkyxib"" class=""_1Q9if _3bcaz"" data-testid=""richTextElement"">
<h4 class=""font_2""><span>Ma jumelle et moi Tome 3 | Dès 7 ans</span></h4>
<p class=""font_8""><span>Coucou, c'est Anaïs! J.-P. et moi avons fait une découverte incroyable ce matin: nous avons trouvé un chaton dans la cour de l'école! Il est si mignon... Mais je ne sais pas si c'est une bonne idée de l'avoir caché dans la classe. Pourvu qu'il reste discret!</span></p>
</div>",Dominique et Compagnie,Non classé,"","7 ans, jumelle, LivreCaro",true,Title,Default Title,,,,,,,,"",70.0,,deny,manual,100.00,,false,false,,,,,,https://cdn.shopify.com/s/files/1/0655/5962/5944/products/9782897850227.jpg?v=1659467132,1,"",false,,,,,,https://www.leslibraires.ca/livres/ma-jumelle-moi-t-3-un-carolyn-chouinard-9782897850227.html,,,,,6-8 ans,,,,kg,,,active
la-journee-au-zoo,La journée au zoo,"<div id=""comp-ksqkyxib"" class=""_1Q9if _3bcaz"" data-testid=""richTextElement"">
<h4 class=""font_2""><span>Ma jumelle et moi Tome 2 | Dès 7 ans</span></h4>
<p class=""font_8""><span>C'est moi, Anaïs! Aujourd'hui, je suis tout énervée. Nous partons en sortie scolaire au zoo! Je vais voir plein d'animaux exotiques. Il paraît qu'il y aura un rallye-découverte et que les gagnants pourront nourrir les éléphants. J'espère que ma sœur jumelle Maya et moi serons dans la même équipe!</span></p>
</div>",Dominique et Compagnie,Non classé,"","7 ans, jumelle, LivreCaro",true,Title,Default Title,,,,,,,,"",90.0,,deny,manual,10.95,,true,false,,,,,,https://cdn.shopify.com/s/files/1/0655/5962/5944/products/9782897399047.jpg?v=1659466999,1,"",false,,,,,,,,,,,6-8 ans,,,,kg,,,active
une-rentree-memorable,Une rentrée mémorable!,"<div id=""comp-ksqkyxib"" class=""_1Q9if _3bcaz"" data-testid=""richTextElement"">
<h4 class=""font_2""><span>Ma jumelle et moi Tome 1 | Dès 7 ans</span></h4>
<p class=""font_8""><span>Bonjour, je m'appelle Anaïs! Je reviens d'un voyage en voilier autour du monde avec ma famille, qui a duré trois ans. Demain, c'est ma première vraie journée d'école. Autant te dire que j'ai un peu peur. Heureusement que ma soeur jumelle, Maya, sera avec moi. J'espère que nous serons dans la même classe!</span></p>
</div>",Dominique et Compagnie,Non classé,"","7 ans, jumelle, LivreCaro",true,Title,Default Title,,,,,,,,"",90.0,,deny,manual,10.95,,true,false,,,,,,https://cdn.shopify.com/s/files/1/0655/5962/5944/products/9782897398675.jpg?v=1659466859,1,"",false,,,,,,https://www.leslibraires.ca/livres/ma-jumelle-moi-une-rentree-memorable-carolyn-chouinard-9782897398675.html,,,,,6-8 ans,,,,kg,,,active
mission-a-laquarium,Mission à l'aquarium,"<div data-testid=""richTextElement"" class=""_1Q9if _3bcaz"" id=""comp-ksqkyxib"">
<h4 class=""font_2""><span>Ma jumelle et moi - Un roman dont tu es le héros | Dès 7 ans </span></h4>
<p class=""font_8""><span>Wow! Anaïs et Maya passent une nuit complète à l'aquarium en compagnie de leurs nouveaux amis, les jumeaux Théo et Félix. Mais Roméo la mascotte manque à l'appel. Où est-il passé? C'est à toi de jouer pour le retrouver!</span></p>
</div>",Dominique et Compagnie,Non classé,"","7 ans, héros, LivreCaro",true,Title,Default Title,,,,,,,,"",0.0,,deny,manual,100.00,,false,false,,,,,,https://cdn.shopify.com/s/files/1/0655/5962/5944/products/Couv_2_df9b025f-1c40-45ec-b0d4-4b6aecbc67b3.jpg?v=1659032471,1,"",false,,,,,https://flipbook.cantook.net/?d=%2F%2Fwww.entrepotnumerique.com%2Fflipbook%2Fpublications%2F113719.js&oid=207&c=&m=&l=&r=&f=pdf,https://www.leslibraires.ca/livres/ma-jumelle-et-moi-t-3-carolyn-chouinard-9782898200335.html,,,,qui-es-tu-mysterieux-inconnu,9-12 ans,,,,kg,,,active
ou-est-brioche,Où est Brioche?,"<div id=""comp-ksqkyxib"" class=""_1Q9if _3bcaz"" data-testid=""richTextElement"">
<h4 class=""font_2""><span>Ma jumelle et moi - Un roman dont tu es le héros | Dès 7 ans</span></h4>
<p class=""font_8"">Maya garde pour les vacances le chaton et le hamster de sa meilleure amie Cloé. Mais au bout de deux jours, c'est la panique! Brioche le hamster a disparu...</p>
<p class=""font_8"">Mène l'enquête auprès des jumelles et des chatons Tigrou et Biscuit pour le retrouver!</p>
</div>",Dominique et Compagnie,Non classé,"","7 ans, héros, LivreCaro",true,Title,Default Title,,,,,,,,"",0.0,,deny,manual,100.00,,false,false,,,,,,https://cdn.shopify.com/s/files/1/0655/5962/5944/products/couv_ou_est_Brioche.jpg?v=1659032341,1,"",false,,,,,https://flipbook.cantook.net/?d=%2F%2Fwww.entrepotnumerique.com%2Fflipbook%2Fpublications%2F100562.js&oid=207&c=&m=&l=&r=&f=pdf,,,,,qui-es-tu-mysterieux-inconnu,9-12 ans,,,,kg,,,active
enquete-a-la-plage,Enquête à la plage,"<div id=""comp-ksqkyxib"" class=""_1Q9if _3bcaz"" data-testid=""richTextElement"">
<h4 class=""font_2""><span>Ma jumelle et moi - Un roman dont tu es le héros | Dès 7 ans</span></h4>
<p class=""font_8""><span>Les jumelles sont en voyage à l'île de Maui et c'est l'occasion de prendre de belles photos. Mais... l'appareil photo submersible d'Anaïs a disparu. Oh non...</span></p>
<p class=""font_8""><span>Mène l'enquête pour le retrouver!</span></p>
</div>",Dominique et Compagnie,Non classé,"","7 ans, héros, LivreCaro",true,Title,Default Title,,,,,,,,"",0.0,,deny,manual,1000.00,,false,false,,,,,,https://cdn.shopify.com/s/files/1/0655/5962/5944/products/Enquete_a_la_plage.jpg?v=1659032266,1,"",false,,,,,https://flipbook.cantook.net/?d=%2F%2Fwww.entrepotnumerique.com%2Fflipbook%2Fpublications%2F106978.js&oid=207&c=&m=&l=&r=&f=pdf,https://www.leslibraires.ca/livres/enquete-a-la-plage-carolyn-chouinard-9782897855918.html,,,,qui-es-tu-mysterieux-inconnu,9-12 ans,,,,kg,,,active
pilotes-dun-jour,Pilotes d'un jour,"<div id=""comp-ksqkyxib"" class=""_1Q9if _3bcaz"" data-testid=""richTextElement"">
<h4 class=""font_2""><span>Mon jumeau et moi Tome 2 | Dès 7 ans</span></h4>
<p class=""font_8""><span>Salut! Moi, c'est Théo! Avec mon frère Félix, on va participer à une super course de boîtes à savon qui a lieu aujourd'hui à notre camping. Es-tu prêt à embarquer avec nous dans cette compétition?</span></p>
<p class=""font_8"">3,2,1, Partez!</p>
</div>",Dominique et Compagnie,Non classé,"","7 ans, jumeau, LivreCaro",true,Title,Default Title,,,,,,,,"",70.0,,deny,manual,1000.00,,false,false,,,,,,https://cdn.shopify.com/s/files/1/0655/5962/5944/products/C1.jpg?v=1659032038,1,"",false,,,,,https://flipbook.cantook.net/?d=%2F%2Fwww.entrepotnumerique.com%2Fflipbook%2Fpublications%2F107246.js&oid=207&c=&m=&l=&r=&f=pdf,https://www.leslibraires.ca/livres/mon-jumeau-et-moi-t-2-carolyn-chouinard-9782897857288.html,,,,qui-es-tu-mysterieux-inconnu,9-12 ans,,,,kg,,,active
mystere-au-chalet,Mystère au chalet,"<div id=""comp-ksqkyxib"" class=""_1Q9if _3bcaz"" data-testid=""richTextElement"">
<h4 class=""font_2""><span>Mon jumeau et moi Tome 1 | Dès 7 ans</span></h4>
<p><span>Bonjour! Je m'appelle Théo. Mon jumeau et moi, nous partons cet été en famille dans notre nouveau chalet. Mais j'ai bien peur que notre voisin soit... un vampire! Heureusement, Félix, mon jumeau, va m'aider à mener mon enquête sur ce mystérieux individu...</span></p>
</div>",Dominique et Compagnie,Non classé,"","7 ans, jumeau, LivreCaro",true,Title,Default Title,,,,,,,,"",0.0,,deny,manual,1000.00,,false,false,,,,,,https://cdn.shopify.com/s/files/1/0655/5962/5944/products/Couv_1_9b33670b-3d58-4d54-b0e1-5b7936e2c35c.jpg?v=1659031903,1,"",false,,,,,https://flipbook.cantook.net/?d=%2F%2Fwww.entrepotnumerique.com%2Fflipbook%2Fpublications%2F100558.js&oid=207&c=&m=&l=&r=&f=pdf,,,,,qui-es-tu-mysterieux-inconnu,9-12 ans,,,,kg,,,active
terreur-sur-lile,Terreur sur l'île,"<div id=""comp-ksqkyxib"" class=""_1Q9if _3bcaz"" data-testid=""richTextElement"">
<h4 class=""font_2"">Collection Peur bleue | Dès 9 ans<br>
</h4>
</div>
<div id=""comp-ksqkyxie"" class=""_1Q9if _3bcaz"" data-testid=""richTextElement"">
<p class=""font_8"">Alexy est invité à passer quelques jours sur la Grosse île avec sa soeur et ses amis. L'ambiance est à la fête surtout avec l'organisation d'un rallye nocturne.</p>
<p class=""font_8""><span class=""color_17"">Mais un simple jeu peut s'avérer beaucoup plus dangereux.</span></p>
</div>",Éditions Héritage,Non classé,"","9 ans, Frisson, LivreCaro",true,Title,Default Title,,,,,,,,"",70.0,,deny,manual,100.00,,false,false,,,,,,https://cdn.shopify.com/s/files/1/0655/5962/5944/products/couverture_3_png.png?v=1659031796,1,"",false,,,,,,https://www.leslibraires.ca/livres/terreur-sur-l-ile-carolyn-chouinard-9782762598674.html,,,,qui-es-tu-mysterieux-inconnu,9-12 ans,,,,kg,,,active
le-detenu-de-trois-rivieres,Le détenu de Trois-Rivières,"<div id=""comp-ksqkyxib"" class=""_1Q9if _3bcaz"" data-testid=""richTextElement"">
<h4 class=""font_2"">Dès 9 ans</h4>
</div>
<div id=""comp-ksqkyxie"" class=""_1Q9if _3bcaz"" data-testid=""richTextElement"">
<p class=""font_8""><span>Qui était le mystérieux détenu n˚13 de la prison de Trois-Rivières, mort il y a un demi-siècle? Il a emporté avec lui sous terre deux mystères: son nom et son magot. Cédrick et Samuel veulent enquêter. Mais gare aux fantômes de l'ancienne prison...</span></p>
</div>",Éditions Héritage,Non classé,"","9 ans, Frisson, LivreCaro, numerique",true,Sélectionnez le type de livre: ,Livre individuel (PDF),,,,,,,,,0.0,,deny,manual,11.00,,false,true,,,,,,https://cdn.shopify.com/s/files/1/0655/5962/5944/products/Couv_mini-frissons_2.jpg?v=1659031726,1,"",false,,,,,,https://www.leslibraires.ca/livres/le-detenu-de-trois-rivieres-carolyn-chouinard-9782762598629.html,,,,qui-es-tu-mysterieux-inconnu,9-12 ans,,,,kg,,,active
le-detenu-de-trois-rivieres,,,,,,,,,Livre classe (PDF pour 1 classe),,,,,,,,,0.0,,deny,manual,25.00,,false,true,,,,,,,,,,,,,,,,,,,,,,,,kg,,,
jeu-dangereux-a-quebec,Jeu dangereux à Québec,"<div id=""comp-ksqkyxib"" class=""_1Q9if _3bcaz"">
<h4 class=""font_2"">Collection Peur bleue | Dès 9 ans<br>
</h4>
</div>
<div id=""comp-ksqkyxie"" class=""_1Q9if _3bcaz"">
<p class=""font_8"">Justin et Alicia voulaient simplement s'amuser à faire peur aux touristes dans la vieille ville soi-disant hantée de Québec. Mais on ne plaisante pas avec les fantômes. À ce jeu, les âmes des morts sont toujours les plus fortes.</p>
</div>",Éditions Héritage,Non classé,"","9 ans, Frisson, LivreCaro",true,Title,Default Title,,,,,,,,"",0.0,,deny,manual,1000.00,,false,false,,,,,,https://cdn.shopify.com/s/files/1/0655/5962/5944/products/DC_RoGr_MiniFrisson_Jeux_dangereurx_T5_CV-V6a.jpg?v=1659031624,1,"",false,,,,,https://www.dominiqueetcompagnie.com/catalogue/pdf_preview/978-2-7625-9779-0.pdf,https://www.leslibraires.ca/livres/jeux-dangereux-carolyn-chouinard-9782762597790.html,,,,qui-es-tu-mysterieux-inconnu,9-12 ans,,,,kg,,,active
lecole-de-la-cote,L'école de la côte,"<div id=""comp-ksqkyxib"" class=""_1Q9if _3bcaz"" data-testid=""richTextElement"">
<h4 class=""font_2""><span>So Nice! Tome 5 | Dès 10 ans</span></h4>
</div>
<div id=""comp-ksqkyxie"" class=""_1Q9if _3bcaz"" data-testid=""richTextElement"">
<p class=""font_8"" style=""text-align: left;"">Catastrophe! Notre école a été inondée. Mes amis et moi sommes condamnés à fréquenter celle de la côte jusqu'en juin... Voici mes trois objectifs du printemps:</p>
<p class=""font_8"" style=""text-align: left;"">✱ m'efforcer d'ignorer les insultes de Luka et de ses amis,</p>
<p class=""font_8"" style=""text-align: left;"">✱ plonger dans les récits de papi Élie, engagé dans une course de canots sur le fleuve,</p>
<p class=""font_8"" style=""text-align: left;"">✱ surtout, me battre avec l'aide de mes amis, contre le projet immobilier qui menace de raser nos maisons.</p>
<p class=""font_8"" style=""text-align: left;"">Il faut sauver l'île aux Toques!​​ </p>
</div>",Dominique et Compagnie,Non classé,"","10 ans, LivreCaro, livreLora, nice",true,Title,Default Title,,,,,,,,"",0.0,,deny,manual,1000.00,,false,false,,,,,,https://cdn.shopify.com/s/files/1/0655/5962/5944/products/DC_SoNice-Tome5_CV-V2.jpg?v=1659031442,1,"",false,,,,,https://www.dominiqueetcompagnie.com/catalogue/pdf_preview/978-2-89785-195-8.pdf,https://www.leslibraires.ca/livres/so-nice-t-5-l-ecole-carolyn-chouinard-9782897851958.html,,,,qui-es-tu-mysterieux-inconnu,9-12 ans,,,,kg,,,active
lile-sauvage,L'île sauvage,"<div id=""comp-ksqkyxib"" class=""_1Q9if _3bcaz"" data-testid=""richTextElement"">
<h4 class=""font_2""><span>So Nice! Tome 4 | Dès 10 ans</span></h4>
</div>
<div id=""comp-ksqkyxie"" class=""_1Q9if _3bcaz"" data-testid=""richTextElement"">
<p class=""font_8"" style=""text-align: left;"">Qui est cet ermite qui vit en reclus sur l'île Sauvage et parle aux animaux? Aby et moi devons partir à la recherche de cet homme qu'on dit un peu sorcier. Lui seul peut nous aider à soulager le capitaine Clark, qui est malade. Mais je n'avais pas prévu qu'il nous faudrait aussi:</p>
<p class=""font_8"" style=""text-align: left;"">✱ affronter des bêtes sauvages qui terrorisent les Toqués,</p>
<p class=""font_8"" style=""text-align: left;"">✱ faire face à la pire tempête de neige de l'année,</p>
<p class=""font_8"" style=""text-align: left;"">✱ tout en protégeant à tout prix les secrets de papi Élie et de ses amis.</p>
<p class=""font_8"" style=""text-align: left;"">Heureusement que Derek et Roméo sont toujours là pour nous aider!​​ </p>
</div>",Dominique et Compagnie,Non classé,"","10 ans, LivreCaro, livreLora, nice",true,Title,Default Title,,,,,,,,"",0.0,,deny,manual,1000.00,,false,false,,,,,,https://cdn.shopify.com/s/files/1/0655/5962/5944/products/Cover.jpg?v=1659031332,1,"",false,,,,,https://www.dominiqueetcompagnie.com/catalogue/pdf_preview/978-2-89739-818-7.pdf,https://www.leslibraires.ca/livres/so-nice-t-4-l-ile-carolyn-chouinard-9782897398187.html,,,,qui-es-tu-mysterieux-inconnu,9-12 ans,,,,kg,,,active
lepave-maudite,L'épave maudite,"<div id=""comp-ksqkyxib"" class=""_1Q9if _3bcaz"" data-testid=""richTextElement"">
<h4 class=""font_2""><span>So Nice! Tome 3 | Dès 10 ans</span></h4>
</div>
<div id=""comp-ksqkyxie"" class=""_1Q9if _3bcaz"" data-testid=""richTextElement"">
<p class=""font_8"" style=""text-align: left;"">Grande nouvelle: Derek et son père ont ouvert un centre de plongée sous-marine sur l'île aux Toques! Je suis heureuse pour Derek qui accompagnera les plongeurs sur l'épave échouée près de nos côtes. Mais je suis aussi inquiète, car il arrive d'étranges malheurs sur l'île depuis l'inauguration. Afin d'éclaircir les mystères qui s'accumulent, je dois:</p>
<p class=""font_8"" style=""text-align: left;"">✱ découvrir qui fait sonner cette cloche de brume toutes les nuits,</p>
<p class=""font_8"" style=""text-align: left;"">✱ vérifier si l'épave est réellement touchée par une malédiction</p>
<p class=""font_8"" style=""text-align: left;"">✱ apprendre comment papi Élie est devenu un héros. </p>
<p class=""font_8"" style=""text-align: left;"">Avec la rivalité qui s'est installée entre Roméo et Derek, l'été s'annonce mouvementé!</p>
</div>",Dominique et Compagnie,Non classé,"","10 ans, LivreCaro, livreLora, nice",true,Title,Default Title,,,,,,,,"",0.0,,deny,manual,1000.00,,false,false,,,,,,https://cdn.shopify.com/s/files/1/0655/5962/5944/products/Tome_3_C1HR.jpg?v=1659031225,1,"",false,,,,,,https://www.leslibraires.ca/livres/so-nice-t-3-l-epave-carolyn-chouinard-9782897395452.html,,,,qui-es-tu-mysterieux-inconnu,9-12 ans,,,,kg,,,active
mensonges-et-manigances,Mensonges et manigances,"<div id=""comp-ksqkyxib"" class=""_1Q9if _3bcaz"" data-testid=""richTextElement"">
<h4 class=""font_2""><span>So Nice! Tome 2 | Dès 10 ans</span></h4>
</div>
<div id=""comp-ksqkyxie"" class=""_1Q9if _3bcaz"" data-testid=""richTextElement"">
<p class=""font_8"" style=""text-align: left;"">Coucou, c'est Sohane! Je fréquente maintenant la polyvalente des Toqués. Comme il y a très peu d'habitants sur l'île aux Toques, je me retrouve dans la même classe que Leila et ma sœur Maève. Toute une épreuve! Heureusement qu'Aby, ma meilleure amie, est là pour me soutenir.</p>
<p class=""font_8"" style=""text-align: left;"">Voici les défis qui m'attendent cet automne:</p>
<p class=""font_8"" style=""text-align: left;"">✱ obtenir un grand rôle dans la comédie musicale préparée par ma classe,</p>
<p class=""font_8"" style=""text-align: left;"">✱ découvrir comment papi Élie a pu survivre à l'école des années 1950,</p>
<p class=""font_8"" style=""text-align: left;"">✱ et surtout, améliorer ma relation avec Derek. Que c'est compliqué, l'amour!​ </p>
</div>",Dominique et Compagnie,Non classé,"","10 ans, LivreCaro, livreLora, nice",true,Title,Default Title,,,,,,,,"",0.0,,deny,manual,1000.00,,false,false,,,,,,https://cdn.shopify.com/s/files/1/0655/5962/5944/products/ChouinardCarolyn2.jpg?v=1659030095,1,"",false,,,,,https://www.dominiqueetcompagnie.com/catalogue/pdf_preview/978-2-89739-472-1.pdf,https://www.leslibraires.ca/livres/so-nice-t-2-mensonges-et-carolyn-chouinard-9782897394721.html,,,,qui-es-tu-mysterieux-inconnu,9-12 ans,,,,kg,,,active
caurait-pu-etre-pire,Ç'aurait pu être pire,"<div id=""comp-ksqkyxib"" class=""_1Q9if _3bcaz"">
<h4 class=""font_2""><span>So Nice! Tome 1 | Dès 10 ans</span></h4>
</div>
<div id=""comp-ksqkyxie"" class=""_1Q9if _3bcaz"">
<p class=""font_8""><span>Je m'appelle Sohane et ma famille m'a forcée à emménager il y a dix jours sur l'île aux Toques. Oui, vous avez bien lu, l'île aux Toques! Ce qui fait de moi une Toquée. Quelle horreur! Je dois à tout prix convaincre mes parents de retourner habiter en ville. D'ici là, voici mon programme:</span></p>
<p class=""font_8""><span>✱</span><span> retrouver le cahier qu'a écrit papi Élie quand il avait mon âge.</span></p>
<p class=""font_8""><span>✱</span><span> tenir à distance cette peste de Leila qui tourne autour du beau Derek,</span></p>
<p class=""font_8""><span>✱</span><span> chanter dans le groupe Shamrock formé par mes nouveaux amis.</span></p>
<p class=""font_8""><span>Finalement, ce déménagement ne sera peut-être pas aussi catastrophique que je l'aurais cru.</span> </p>
</div>",Dominique et Compagnie,Non classé,"","10 ans, LivreCaro, livreLora, nice",true,Title,Default Title,,,,,,,,"",0.0,,deny,manual,1000.00,,false,false,,,,,,https://cdn.shopify.com/s/files/1/0655/5962/5944/products/ChouinardCarolyn1.jpg?v=1659030000,1,"",false,,,,,https://www.dominiqueetcompagnie.com/catalogue/pdf_preview/978-2-89739-323-6.pdf,https://www.leslibraires.ca/livres/so-nice-t-1-c-aurait-carolyn-chouinard-9782897393236.html,,,,qui-es-tu-mysterieux-inconnu,9-12 ans,,,,kg,,,active
le-retour-du-captif,Le retour du captif,"<div id=""comp-ksqkyxib"" class=""_1Q9if _3bcaz"" data-testid=""richTextElement"">
<h4 class=""font_2""><span>Le cercle d'Éloan Tome 3 | Dès 10 ans</span></h4>
</div>
<div id=""comp-ksqkyxie"" class=""_1Q9if _3bcaz"" data-testid=""richTextElement"">
<p class=""font_8"">Le duel des apprentis ne s'étant pas déroulé comme prévu, Imaëlle et ses amis se retrouvent de nouveau enfermés dans les cachots. Leurs chances de rentrer à la maison s'amenuisent, mais Imaëlle garde espoir: la vision qu'elle a eue au contact du manuscrit de Kattenga lui a prouvé qu'Éloan est toujours vivant et qu'on le retient prisonnier. </p>
<p class=""font_8"">Cependant, un obstacle inattendu se dresse sur la route des jeunes: quelqu'un a dérobé le septin, qui est indispensable aux voyages dans le temps! Les grands pouvoirs que procure cette pierre à son possesseur pourraient devenir très dangereux entre de mauvaises mains...</p>
<p class=""font_8"">Aidés de Mahaude, leur précieuse alliée, les sept amis uniront leurs efforts pour délivrer Éloan de sa prison de pierre et découvrir l'identité du mystérieux voleur de septin. Dans leur périple, ils devront faire face aux sombres prémonitions de Maxime concernant la vie de l'un d'entre eux, mais surtout, au retour d'un puissant ennemi que les Éloaniens croyaient parti à jamais...</p>
</div>",Éditions De Mortagne,Non classé,"","10 ans, eloan, LivreCaro",true,Title,Default Title,,,,,,,,"",0.0,,deny,manual,1000.00,,false,false,,,,,,https://cdn.shopify.com/s/files/1/0655/5962/5944/products/tome_3.jpg?v=1659029773,1,"",false,,,,,,https://www.leslibraires.ca/livres/le-cercle-d-eloan-t-3-carolyn-chouinard-9782896621804.html,,,,,9-12 ans,,,,kg,,,active
le-duel-des-apprentis,Le duel des apprentis,"<div id=""comp-ksqkyxib"" class=""_1Q9if _3bcaz"" data-testid=""richTextElement"">
<h4 class=""font_2""><span>Le cercle d'Éloan Tome 2 | Dès 10 ans</span></h4>
</div>
<div id=""comp-ksqkyxie"" class=""_1Q9if _3bcaz"" data-testid=""richTextElement"">
<p class=""font_8"">Maintenant que les quentins ont réintégré le Zéphir, Imaëlle, Maxime et leurs amis sont projetés en l'an 1168, en plein cœur de la légendaire cité d'Éloan. Toutefois, l'accueil qu'on leur réserve n'est pas des plus chaleureux... </p>
<p class=""font_8"">Coincés dans cette époque jusqu'à ce que le pont de lumière soit à nouveau fonctionnel, certains d'entre eux apprennent qu'ils devront prendre part au duel des apprentis et... en sortir vainqueurs! Sans quoi, ils ne retrouveront jamais Éloan, qui a mystérieusement disparu et qui est le seul capable de réactiver le Zéphir. </p>
<p class=""font_8"">Instauré dans le but d'élire un nouveau grand sage, le duel des apprentis met à l'épreuve les pouvoirs et les connaissances des adolescents les plus talentueux de la cité. </p>
<p class=""font_8"">C'est un défi de taille, alors qu'Imaëlle et ses amis maîtrisent à peine leurs nouveaux pouvoirs. S'ils échouent, parviendront-ils à rentrer chez eux un jour? Le camping le Phare semble soudainement bien loin aux yeux des sept amis...</p>
</div>",Éditions De Mortagne,Non classé,"","10 ans, eloan, LivreCaro",true,Title,Default Title,,,,,,,,"",0.0,,deny,manual,1000.00,,false,false,,,,,,https://cdn.shopify.com/s/files/1/0655/5962/5944/products/1209327-gf.jpg?v=1659029684,1,"",false,,,,,,https://www.leslibraires.ca/livres/le-cercle-d-eloan-t-2-carolyn-chouinard-9782890749368.html,,,,,9-12 ans,,,,kg,,,active
la-legende-oubliee,La légende oubliée,"<div id=""comp-ksqkyxib"" class=""_1Q9if _3bcaz"" data-testid=""richTextElement"">
<h4 class=""font_2""><span>Le cercle d'Éloan Tome 1 | Dès 10 ans</span></h4>
</div>
<div id=""comp-ksqkyxie"" class=""_1Q9if _3bcaz"" data-testid=""richTextElement"">
<p class=""font_8""><span>Sept jeunes.</span></p>
<p class=""font_8""><span>Une légende oubliée depuis plus de huit cents ans...</span></p>
<p class=""font_8""><span>Imaëlle, Maxime et leurs amis découvrent que les îles qu'ils croyaient si bien connaître cachent en fait une histoire dépassant les frontières de leur imagination: celle d'un peuple mystérieux, isolé du reste du monde, qui utilisait l'énergie d'un cristal, le Zéphir, pour acquérir de nouvelles connaissances et ainsi atteindre l'immortalité.</span></p>
<p class=""font_8""><span>Mais un tel pouvoir n'a-t-il pas un prix à payer? Un jour, le grand sage du village fit une effroyable prédiction: un terrible cataclysme menaçait la survie du peuple entier. La magnifique cité d'Éloan et les richesses inestimables qu'elle recelait étaient appelées à disparaître. Inévitablement. </span></p>
<p class=""font_8""><span>De découverte en découverte, les adolescents développeront des dons spéciaux, de nouvelles facultés en lien avec d'anciens portails bien particuliers... Coïncidence? Destin? Une certitude demeure: ils ont été choisis pour accomplir une tâche essentielle qui changera à jamais le cours de leur vie...</span><span style=""text-align: right;"">                                                      </span></p>
</div>",Éditions De Mortagne,Non classé,"","10 ans, eloan, LivreCaro",true,Title,Default Title,,,,,,,,"",0.0,,deny,manual,100.00,,false,false,,,,,,https://cdn.shopify.com/s/files/1/0655/5962/5944/products/le_cercle_d_eloan.jpg?v=1659029594,1,"",false,,,,,,https://www.leslibraires.ca/livres/le-cercle-d-eloan-la-legende-carolyn-chouinard-9782890749351.html,,,,,9-12 ans,,,,kg,,,active
les-gardiens-du-tresor-2,Les gardiens du trésor 2,"<div id=""comp-ksqkyxib"" class=""_1Q9if _3bcaz"" data-testid=""richTextElement"" data-mce-fragment=""1"">
<h4 class=""font_2"" data-mce-fragment=""1"">Tome 2 | Dès 10 ans<br>
</h4>
</div>
<div id=""comp-ksqkyxie"" class=""_1Q9if _3bcaz"" data-testid=""richTextElement"" data-mce-fragment=""1"">
<p class=""font_8"" style=""text-align: left;"" data-mce-fragment=""1"">Jason passe les vacances d'été chez sa mère, à Magog. Son amie Sara vient à peine de le rejoindre pour la semaine que tous deux reçoivent un message surprenant de la part de la confrérie des Gardiens: ils seront initiés dès le lendemain. Cette cérémonie dissimule un objectif de la plus haute importance, soit retrouver un autre trésor, jadis caché par un célèbre contrebandier. </p>
<p class=""font_8"" style=""text-align: left;"" data-mce-fragment=""1"">Mais le temps presse, car seul un vieux moine mourant connaît l'emplacement du butin, et d'autres sont à sa recherche. Les deux adolescents devront user d'ingéniosité et de persévérance pour remplir leur mission. </p>
<p class=""font_8"" style=""text-align: left;"" data-mce-fragment=""1"">Des profondeurs glauques d'un antique monastère aux eaux sombres du lac Memphrémagog, Jason et Sara parcourront la région, débusquant au cours de leur quête de terribles secrets...</p>
<p class=""font_8"" style=""text-align: left;"" data-mce-fragment=""1""><span>✰  ✰  ✰</span></p>
<p class=""font_8"" style=""text-align: left;"" data-mce-fragment=""1"">On raconte qu'il existe au Québec plusieurs trésors qui n'auraient jamais été retrouvés. Il n'en fallait pas plus pour enflammer l'imagination de l'auteure. Avec cette nouvelle série, Carolyn Chouinard offre aux lecteurs une histoire palpitante où se côtoient codes secrets, énigmes et mystères anciens.</p>
</div>",Hurtubise,Non classé,"","10 ans, gardiens, LivreCaro",true,Title,Default Title,,,,,,,,"",0.0,,deny,manual,100.00,,false,false,,,,,,https://cdn.shopify.com/s/files/1/0655/5962/5944/products/couv_2.jpg?v=1659029452,1,"",false,,,,,https://www.entrepotnumerique.com/p/9782897812836,https://www.leslibraires.ca/livres/les-gardiens-du-tresor-t-2-carolyn-chouinard-9782897812829.html,,,,qui-es-tu-mysterieux-inconnu,9-12 ans,,,,kg,,,active
les-gardiens-du-tresor-1,Les gardiens du trésor 1,"<div id=""comp-ksqkyxib"" class=""_1Q9if _3bcaz"" data-testid=""richTextElement"" data-mce-fragment=""1"">
<h4 class=""font_2"" data-mce-fragment=""1"">Tome 1 | Dès 10 ans<br>
</h4>
</div>
<div id=""comp-ksqkyxie"" class=""_1Q9if _3bcaz"" data-testid=""richTextElement"" data-mce-fragment=""1"">
<p class=""font_8"" style=""text-align: left;"" data-mce-fragment=""1"">Jason, 14 ans, vit à Beauceville avec son père. Sa vie change du jour au lendemain lorsque Gustave, son vieux voisin et ami, décède. Rapidement, Jason apprend que celui-ci a laissé une mission à accomplir: trouver un trésor légendaire caché dans la région, que personne n'a jamais pu découvrir. </p>
<p class=""font_8"" style=""text-align: left;"" data-mce-fragment=""1"">Grâce aux indices laissés par Gustave, et avec l'aide de son amie Sara et de son grand-père Karl, Jason sera vite plongé dans une aventure sombre et excitante, enracinée dans les secrets d'une intrigante confrérie.</p>
<p class=""font_8"" style=""text-align: left;"" data-mce-fragment=""1""><span>✰  ✰  ✰</span></p>
<p class=""font_8"" style=""text-align: left;"" data-mce-fragment=""1"">On raconte qu'il existe au Québec plusieurs trésors qui n'auraient jamais été retrouvés. Il n'en fallait pas plus pour enflammer l'imagination de l'auteure. Avec cette nouvelle série, Carolyn Chouinard offre aux lecteurs une histoire palpitante où se côtoient codes secrets, énigmes et mystères anciens.</p>
</div>",Hurtubise,Non classé,"","10 ans, gardiens, LivreCaro",true,Title,Default Title,,,,,,,,"",0.0,,deny,manual,100.00,,false,false,,,,,,https://cdn.shopify.com/s/files/1/0655/5962/5944/products/Les_gardiens_du_tresor_T1_C1.jpg?v=1659029363,1,"",false,,,,,https://www.entrepotnumerique.com/p/9782897812287,https://www.leslibraires.ca/livres/les-gardiens-du-tresor-t-1-carolyn-chouinard-9782897812270.html,,,,qui-es-tu-mysterieux-inconnu,9-12 ans,,,,kg,,,active
trop-branche,Trop branché!,"<div id=""comp-ksqkyxib"" class=""_1Q9if _3bcaz"" data-testid=""richTextElement"">
<h4 class=""font_2"">Collection Brique | Dès 8 ans<br>
</h4>
</div>
<div id=""comp-ksqkyxie"" class=""_1Q9if _3bcaz"" data-testid=""richTextElement"">
<p class=""font_8"" style=""text-align: left;""><span>Un colibri a heurté la fenêtre de la chambre de Jacob et repose au fond de la boîte à fleurs. Quelle surprise pour le garçon lorsque l'oiseau-mouche reprend ses esprits et qu'il s'adresse à lui! Le colibri recherche une plante qui aurait des propriétés magiques! Jacob lui propose son aide et les deux amis partent à la recherche du spécimen. Mais cette petite boîte que Jacob recevra en cadeau pour sa fête pourrait bien changer ses plans...</span></p>
</div>",Éditions Phoenix | KO Éditions,Non classé,"","9 ans, branche, LivreCaro",true,Title,Default Title,,,,,,,,"",0.0,,deny,manual,100.00,,false,false,,,,,,https://cdn.shopify.com/s/files/1/0655/5962/5944/products/TROP_BRANCHE_Couverture.jpg?v=1659029225,1,"",false,,,,,,https://www.leslibraires.ca/livres/trop-branche-carolyn-chouinard-9782924833315.html,,,,qui-es-tu-mysterieux-inconnu,9-12 ans,,,,kg,,,active
100-danse,100% danse,"<div id=""comp-ksqkyxib"" class=""_1Q9if _3bcaz"" data-testid=""richTextElement"">
<h4 class=""font_2""><span>Sur le rythme Tome 3 | Dès 10 ans<br></span></h4>
</div>
<div id=""comp-ksqkyxie"" class=""_1Q9if _3bcaz"" data-testid=""richTextElement"">
<p class=""font_8"" style=""text-align: start;""><span style=""text-align: right;"">Depuis qu'elle est sortie gagnante de la téléréalité Danse illimitée, la vie de Maélie a beaucoup changé, ce qui lui amène des avantages et des inconvénients. Si certains sont jaloux de son succès, d'autres lui proposent au contraire des opportunités inattendues.</span></p>
<p class=""font_8"" style=""text-align: start;""><span style=""text-align: right;"">L'année scolaire étant sur le point de se terminer, Maélie se prépare pour le camp d'été 100% danse. Bonne nouvelle! Kim et Nick seront également de la partie. Cependant, Véronique a aussi été sélectionnée, ce qui risque de faire des vagues...       </span></p>
<p class=""font_8""><span>✰  ✰  ✰</span></p>
<p class=""font_8""><span>Carolyn Chouinard aime partager son temps entre l'écriture et la danse. Cette nouvelle histoire lui permet de réunir ses deux passions pour faire découvrir au lecteur l'univers unique et fascinant de la danse irlandaise, qu'elle partage avec ses filles depuis de nombreuses années.</span></p>
</div>",Hurtubise,Non classé,"","10 ans, LivreCaro, Rythme",true,Title,Default Title,,,,,,,,"",0.0,,deny,manual,100.00,,false,false,,,,,,https://cdn.shopify.com/s/files/1/0655/5962/5944/products/Sur_le_rythme_T3_couv.png?v=1659029116,1,"",false,,,,,https://www.entrepotnumerique.com/p/9782897811303,https://www.leslibraires.ca/livres/sur-le-rythme-t-3-100-carolyn-chouinard-9782897811297.html,,,,,9-12 ans,,,https://cdn.shopify.com/s/files/1/0655/5962/5944/products/Sur_le_rythme_T3_couv.png?v=1659029116,kg,,,active
danse-illimitee,Danse illimitée,"<div id=""comp-ksqkyxib"" class=""_1Q9if _3bcaz"" data-testid=""richTextElement"">
<h4 class=""font_2""><span>Sur le rythme Tome 2 | Dès 10 ans</span></h4>
</div>
<div id=""comp-ksqkyxie"" class=""_1Q9if _3bcaz"" data-testid=""richTextElement"">
<p class=""font_8"">Maintenant que son école de danse est sauvée, Maélie peut enfin respirer et surtout, profiter de chaque cours de danse avec son nouveau petit ami, Nick. Mais le calme sera de courte durée: Danse illimitée, la téléréalité de l'heure, cherche de jeunes candidats et cela crée toute une commotion. </p>
<p class=""font_8"">Maélie et ses amis devront alors se mesurer à des danseurs de styles très variés qui ont une passion commune: la danse sous toutes ses formes! Arriveront-ils à se démarquer et à ravir le cœur des juges afin d'obtenir leur place dans cette grande aventure?           </p>
<p class=""font_8""><span>✰  ✰  ✰</span></p>
<p class=""font_8""><span>Carolyn Chouinard aime partager son temps entre l'écriture et la danse. Cette nouvelle histoire lui permet de réunir ses deux passions pour faire découvrir au lecteur l'univers unique et fascinant de la danse irlandaise, qu'elle partage avec ses filles depuis de nombreuses années.</span>                </p>
</div>",Hurtubise,Non classé,"","10 ans, LivreCaro, Rythme",true,Title,Default Title,,,,,,,,"",0.0,,deny,manual,100.00,,false,false,,,,,,https://cdn.shopify.com/s/files/1/0655/5962/5944/products/Sur_le_rythme_T2_couv.jpg?v=1659028985,1,"",false,,,,,https://www.entrepotnumerique.com/p/9782897810672,https://www.leslibraires.ca/livres/sur-le-rythme-t-2-danse-carolyn-chouinard-9782897810665.html,,,,qui-es-tu-mysterieux-inconnu,9-12 ans,,,,kg,,,active
une-competition-mouvementee,Une compétition mouvementée,"<div id=""comp-ksqkyxib"" class=""_1Q9if _3bcaz"" data-testid=""richTextElement"">
<h4 class=""font_2""><span>Sur le rythme Tome 1 | Dès 10 ans</span></h4>
</div>
<div id=""comp-ksqkyxie"" class=""_1Q9if _3bcaz"" data-testid=""richTextElement"">
<p class=""font_8"">En arrivant à Ottawa pour une compétition de danse, Maélie Laframboise ignore que ce week-end lui réserve de nombreuses surprises. En plus de faire la rencontre de garçons qui partagent sa passion, elle apprend que sa professeure songe à vendre l'école où elle pratique la danse depuis plusieurs années. </p>
<p class=""font_8"">Malgré son inquiétude, Maélie réussira-t-elle à garder la tête froide et à offrir son plein rendement lors de cette compétition qui s'annonce des plus intenses?</p>
<p class=""font_8""> </p>
<p class=""font_8"">✰ ✰ ✰</p>
<p class=""font_8""> </p>
<p class=""font_8"">Carolyn Chouinard aime partager son temps entre l'écriture et la danse. Cette nouvelle histoire lui permet de réunir ses deux passions pour faire découvrir au lecteur l'univers unique et fascinant de la danse irlandaise, qu'elle partage avec ses filles depuis de nombreuses années.                                                         </p>
</div>",Hurtubise,Non classé,"","LivreCaro, Rythme",true,Title,Default Title,,,,,,,,"",0.0,,deny,manual,100.00,,false,false,,,,,,https://cdn.shopify.com/s/files/1/0655/5962/5944/products/Sur_le_rythme_T1_C1.jpg?v=1659028870,1,"",false,,,,,https://www.entrepotnumerique.com/p/9782897239121,https://www.leslibraires.ca/livres/sur-le-rythme-t-1-une-carolyn-chouinard-9782897239114.html,,,,qui-es-tu-mysterieux-inconnu,9-12 ans,,,,kg,,,active
amis-et-liberte,Amis et liberté!,"<div id=""comp-ksqkyxib"" class=""_1Q9if _3bcaz"" data-testid=""richTextElement"">
<h4 class=""font_2"">
<span>Carnet secret d'une licorne </span><span>Tome </span><span>3 | </span><span mce-data-marked=""1"" data-mce-fragment=""1"">Dès 8 ans</span>
</h4>
<div id=""comp-ksqi6009"" class=""_1Q9if _3bcaz"" data-testid=""richTextElement"">
<p class=""font_8""><span>Cher journal, j'ai tellement hâte d'apprendre à voler! Mais jusqu'à ce que j'obtienne mon brevet, je serai jumelée avec un élève de la classe des anciens pour apprendre les différentes techniques de vol.</span></p>
<p class=""font_8""><span>J'espère qu'on va bien s'entendre tous les deux!</span></p>
</div>
</div>
<div id=""comp-ksqkyxie"" class=""_1Q9if _3bcaz"" data-testid=""richTextElement"">
<p class=""font_8"" style=""text-align: right;"">                                                          Princesse Sofia</p>
</div>",Auzou,Non classé,"","8 ans, licorne, LivreCaro",true,Title,Default Title,,,,,,,,"",0.0,,deny,manual,1000.00,,false,false,,,,,,https://cdn.shopify.com/s/files/1/0655/5962/5944/products/Couv_licorne_3.png?v=1659028630,1,"",false,,,,,,https://www.leslibraires.ca/livres/carnet-secret-d-une-licorne-t-carolyn-chouinard-9782898241994.html,,,,,9-12 ans,,,,kg,,,active
des-ailes-pour-sofia,Des ailes pour Sofia,"<div id=""comp-ksqkyxib"" class=""_1Q9if _3bcaz"" data-testid=""richTextElement"">
<h4 class=""font_2"">
<span>Carnet secret d'une licorne Tome 2</span><span> | Dès 8 ans</span>
</h4>
<div id=""comp-ksqi6009"" class=""_1Q9if _3bcaz"" data-testid=""richTextElement"">
<p class=""font_8""><span>Cher journal, je rêve d'avoir des ailes pour pouvoir enfin m'envoler! De grands défis m'attendent pour les obtenir. Trouver mon chemin au cœur d'un labyrinthe, me faire des alliés, convaincre les fées de me donner de la poussière magique... Je devrai montrer beaucoup de détermination et surtout de courage!</span></p>
</div>
</div>
<div id=""comp-ksqkyxie"" class=""_1Q9if _3bcaz"" data-testid=""richTextElement"">
<p class=""font_8"" style=""text-align: right;"">                                                          Princesse Sofia</p>
</div>",Auzou,Non classé,"","8 ans, licorne, LivreCaro",true,Title,Default Title,,,,,,,,"",0.0,,deny,manual,100.00,,false,false,,,,,,https://cdn.shopify.com/s/files/1/0655/5962/5944/products/Licorne2.jpg?v=1661347296,1,"",false,,,,,,https://www.leslibraires.ca/livres/carnet-secret-d-une-licorne-t-carolyn-chouinard-9782898241499.html,,,,,6-8 ans,,,,kg,,,active
le-voeu-de-sofia,Le voeu de Sofia,"<div id=""comp-ksqkyxib"" class=""_1Q9if _3bcaz"" data-testid=""richTextElement"">
<h4 class=""font_2"">
<span>Carnet secret d'une licorne Tome 1</span><span> | Dès 8 ans</span>
</h4>
<div id=""comp-ksqgzym1"" class=""_1Q9if _3bcaz"" data-testid=""richTextElement"">
<p class=""font_8""><span>Cher journal, sais-tu qu'aujourd'hui, c'est la rentrée scolaire au royaume des licornes? Toutes les licornes de mon âge se feront des amis à l'école du Haut-Perché. Et moi, qui rêve d'y aller, je me retrouve encore toute seule dans mon château... Pfff! </span></p>
</div>
</div>
<div id=""comp-ksqkyxie"" class=""_1Q9if _3bcaz"" data-testid=""richTextElement"">
<p class=""font_8"" style=""text-align: right;"">                                                          Princesse Sofia</p>
</div>",Auzou,Non classé,"","8 ans, licorne, LivreCaro",true,Title,Default Title,,,,,,,,"",0.0,,deny,manual,100.00,,false,false,,,,,,https://cdn.shopify.com/s/files/1/0655/5962/5944/products/licornecouv1.jpg?v=1661289296,1,"",false,,,,,,https://www.leslibraires.ca/livres/carnet-secret-d-une-licorne-le-carolyn-chouinard-9782898240201.html,,,,qui-es-tu-mysterieux-inconnu,9-12 ans,,,,kg,,,active
le-defi-du-roi,Le défi du roi,"<div id=""comp-ksqkyxib"" class=""_1Q9if _3bcaz"" data-testid=""richTextElement"" data-mce-fragment=""1"">
<h4 class=""font_2"" data-mce-fragment=""1""><span data-mce-fragment=""1"">L'espion des dragons Tome 3 | Dès 8 ans</span></h4>
<p>Une terrible nouvelle vient d'arriver en provenance du volcan des dragons rouges. Une jeune dragonne a disparu! Et c'est peut-être ma faute... Drac et moi devons enquêter sur cette affaire. Pour cela, nous quittons la montagne de cristal pour trouver le puits aux souhaits. Suspense, danger et aventure m'attendent!</p>
</div>",Auzou,Non classé,"","8 ans, dragon, LivreCaro",true,Title,Default Title,,,,,,,,"",0.0,,deny,manual,100.00,,false,false,,,,,,https://cdn.shopify.com/s/files/1/0655/5962/5944/products/couv_3_dragon.png?v=1659027581,1,"",false,,,,,,https://www.leslibraires.ca/livres/l-espion-des-dragons-le-defi-carolyn-chouinard-9782898242069.html,,,,,9-12 ans,,,,kg,,,active
le-piege-malefique,Le piège maléfique,"<div id=""comp-ksqkyxib"" class=""_1Q9if _3bcaz"" data-testid=""richTextElement"" data-mce-fragment=""1"">
<h4 class=""font_2"" data-mce-fragment=""1""><span data-mce-fragment=""1"">L'espion des dragons Tome 2 | Dès 8 ans</span></h4>
<p>Depuis peu, j'ai commencé ma formation auprès de Drac. C'est génial! Le maître magicien m'a mis en garde contre une sorcière maléfique. La vilaine cherche en effet à capturer un dragon magicien comme moi pour concocter de puissantes potions grâce à ses griffes...</p>
</div>",Auzou,Non classé,"","8 ans, dragon, LivreCaro",true,Title,Default Title,,,,,,,,"",0.0,,deny,manual,100.00,,false,false,,,,,,https://cdn.shopify.com/s/files/1/0655/5962/5944/products/Sans_titre_2.png?v=1659027486,1,"",false,,,,,,https://www.leslibraires.ca/livres/l-espion-des-dragons-le-piege-carolyn-chouinard-9782898241505.html,,,,qui-es-tu-mysterieux-inconnu,9-12 ans,,,,kg,,,active
la-mission-de-pendragon,La mission de Pendragon,"<div id=""comp-ksqkyxib"" class=""_1Q9if _3bcaz"" data-testid=""richTextElement"" data-mce-fragment=""1"">
<h4 class=""font_2"" data-mce-fragment=""1"">
<span data-mce-fragment=""1"">L'espion des dragons Tome 1</span><span> | Dès 8 ans</span>
</h4>
<p><span data-mce-fragment=""1"">Je m'appelle Pendragon. Depuis toujours, je rêve de faire partie de la garde du roi. Aujourd'hui, je suis attendu au château pour participer aux épreuves de sélection de l'escorte royale. Plusieurs défis m'attendent. Je suis très nerveux, car c'est ma dernière chance d'impressionner le roi Saphir...</span><span style=""text-align: right;"">            </span></p>
</div>",Auzou,Non classé,"","8 ans, dragon, LivreCaro, pedago",true,Title,Default Title,,,,,,,,"",0.0,,deny,manual,1000.00,,false,false,,,,,,https://cdn.shopify.com/s/files/1/0655/5962/5944/products/dragoncouv1.jpg?v=1661289018,1,"",false,,,https://auzou.ca/pedago/9782898240614_1_20240123164247.pdf,,,https://www.leslibraires.ca/livres/l-espion-des-dragons-la-mission-carolyn-chouinard-9782898240614.html,,,,,9-12 ans,,,,kg,,,active
jeu-devasion-ou-complot,Jeu d'évasion ou complot?,"<div data-mce-fragment=""1"" data-testid=""richTextElement"" class=""_1Q9if _3bcaz"" id=""comp-ksqkyxib"">
<h4 data-mce-fragment=""1"" class=""font_2"">Collection Slalom | Dès 9 ans<br>
</h4>
</div>
<div data-mce-fragment=""1"" data-testid=""richTextElement"" class=""_1Q9if _3bcaz"" id=""comp-ksqkyxie"">
<p data-mce-fragment=""1"" class=""font_8"">Thomas, un jeune surdoué de 15 ans, participe à un projet scolaire particulier. Il propose de créer à son école un jeu d'évasion ayant pour thème les œuvres de Shakespeare. En faisant quelques recherches, il découvre que le célèbre écrivain ne serait peut-être pas le véritable auteur des pièces qu'on lui attribue. Sans le vouloir, il vient confirmer ce que les partisans de la théorie de Bacon croyaient depuis longtemps, c'est-à-dire que seul un noble aristocrate tel que Francis Bacon aurait pu écrire ces textes. Depuis des siècles, la Société littéraire et historique de Québec essaie de faire la lumière sur ce mystère. Plongés au cœur d'une intrigue historique, Thomas et son amie Émily devront unir leurs forces pour que la vérité éclate enfin.                     </p>
</div>",Éditions Boomerang,Non classé,"","9 ans, jeu, LivreCaro",true,Title,Default Title,,,,,,,,"",0.0,,deny,manual,1000.00,,false,false,,,,,,https://cdn.shopify.com/s/files/1/0655/5962/5944/products/Couv_1.jpg?v=1659027172,1,"",false,,,,,https://fr.calameo.com/read/003761792d7f78cf6e7c5,https://www.leslibraires.ca/livres/jeu-d-evasion-ou-complot-carolyn-chouinard-9782897095116.html,,,,qui-es-tu-mysterieux-inconnu,9-12 ans,,,,kg,,,active
des-papillons-dans-le-coeur,Des papillons dans le cœur!,"<div id=""comp-ksqkyxib"" class=""_1Q9if _3bcaz"" data-testid=""richTextElement"" data-mce-fragment=""1"">
<h4 class=""font_2"" data-mce-fragment=""1""><span data-mce-fragment=""1"">Le journal de Gabry-Aile Tome 4 | Dès 9 ans</span></h4>
<p><span>Mes vacances ne seront pas de tout repos puisque j'ai déniché un emploi dans un camp d'été. J'espérais enseigner le CHEERLEADING avec ma meilleure amie, mais on m'a confié le programme ""ESPIONS EN HERBES"". </span></p>
<p><span>Je vais devoir gérer un groupe d'enfants... Sans compter que mon cœur balance entre deux garçons. </span></p>
<p><span>Quelle est la solution?</span></p>
</div>
<div id=""comp-ksqkyxie"" class=""_1Q9if _3bcaz"" data-testid=""richTextElement"" data-mce-fragment=""1"">
<p class=""font_8"" style=""text-align: right;"" data-mce-fragment=""1"">                                                            Gabry-Aile</p>
</div>",Auzou,Non classé,"","9 ans, gab, LivreCaro",true,Title,Default Title,,,,,,,,"",0.0,,deny,manual,100.00,,false,false,,,,,,https://cdn.shopify.com/s/files/1/0655/5962/5944/products/Couv.jpg?v=1661289067,1,"",false,,,,,,https://www.leslibraires.ca/livres/le-journal-de-gabry-aile-t-carolyn-chouinard-9782898242915.html,,,,pas-le-choix-daller-au-camp-dete,9-12 ans,,,,kg,,,active
je-veux-vivre-ma-passion,Je veux vivre ma passion!,"<div id=""comp-ksqkyxib"" class=""_1Q9if _3bcaz"" data-testid=""richTextElement"" data-mce-fragment=""1"">
<h4 class=""font_2"" data-mce-fragment=""1""><span data-mce-fragment=""1"">Le journal de Gabry-Aile Tome 3 | Dès 9 ans</span></h4>
<p><span data-mce-fragment=""1"">Je suis tellement énervée! L'école secondaire Fraser propose la concentration cheerleading. La prof qui supervise le programme offre un atelier d'initiation à l'Isle-aux-Grues. Je pourrais y passer l'épreuve d'admission qui me permettrait d'intégrer la formation de mes rêves! Hum... Mon père sera-t-il d'accord avec mes plans?</span></p>
</div>
<div id=""comp-ksqkyxie"" class=""_1Q9if _3bcaz"" data-testid=""richTextElement"" data-mce-fragment=""1"">
<p class=""font_8"" style=""text-align: right;"" data-mce-fragment=""1"">                                                            Gabry-Aile</p>
</div>",Auzou,Non classé,"","9 ans, gab, LivreCaro",true,Title,Default Title,,,,,,,,"",0.0,,deny,manual,1000.00,,false,false,,,,,,https://cdn.shopify.com/s/files/1/0655/5962/5944/products/couv-jpeg.jpg?v=1661289264,1,"",false,,,,,,https://www.leslibraires.ca/livres/le-journal-de-gabry-aile-t-carolyn-chouinard-9782898241857.html,,des-papillons-dans-le-coeur,,qui-es-tu-mysterieux-inconnu,9-12 ans,,,,kg,,,active
qui-es-tu-mysterieux-inconnu,Qui es-tu mystérieux inconnu?,"<div id=""comp-ksqkyxib"" class=""_1Q9if _3bcaz"" data-testid=""richTextElement"" data-mce-fragment=""1"">
<h4 class=""font_2"" data-mce-fragment=""1""><span data-mce-fragment=""1"">Le journal de Gabry-Aile Tome 2 | Dès 9 ans</span></h4>
</div>
<div id=""comp-ksqkyxie"" class=""_1Q9if _3bcaz"" data-testid=""richTextElement"" data-mce-fragment=""1"">
<p class=""font_8"" data-mce-fragment=""1""><span>Cool! Mia, ma meilleure amie, passera la semaine avec moi au camp La ferme d'Arnaud! Mais je viens d'apprendre que le directeur et ma tante Jess se fréquentent. Mauvaise nouvelle! Entre les randonnées à cheval et les feux de camp dans le tipi, je dois découvrir qui est le mystérieux inconnu que je croise. Est-ce lui le sorcier de l'île d'Orléans?</span></p>
<p class=""font_8"" style=""text-align: right;"" data-mce-fragment=""1"">                                                            Gabry-Aile</p>
</div>",Auzou,Non classé,"","9 ans, gab, LivreCaro",true,Title,Default Title,,,,,,,,"",0.0,,deny,manual,100.00,,false,false,,,,,,https://cdn.shopify.com/s/files/1/0655/5962/5944/products/Sanstitre.webp?v=1658865952,1,"",false,,,,,,https://www.leslibraires.ca/livres/le-journal-de-gabry-aile-qui-carolyn-chouinard-9782898240720.html,,,,pas-le-choix-daller-au-camp-dete,9-12 ans,,,,kg,,,active
pas-le-choix-daller-au-camp-dete,Pas le choix d'aller au camp d'été...,"<div id=""comp-ksqkyxib"" class=""_1Q9if _3bcaz"" data-testid=""richTextElement"" data-mce-fragment=""1"">
<h4 class=""font_2"" data-mce-fragment=""1""><span data-mce-fragment=""1"">Le journal de Gabry-Aile Tome 1 | Dès 9 ans</span></h4>
</div>
<div id=""comp-ksqkyxie"" class=""_1Q9if _3bcaz"" data-testid=""richTextElement"" data-mce-fragment=""1"">
<p class=""font_8"" data-mce-fragment=""1"">Pfff! Mon père m'a inscrite au camp de vacances. Il pense que moi, sa fille unique, je vais adorer vivre dans un camp infesté de moustiques où il faut chanter des chansons à répondre. Ce n'est pas comme ça que j'avais imaginé mes vacances! Je ne sais vraiment pas à quoi m'attendre et je pars dans quelques heures...</p>
<p class=""font_8"" style=""text-align: right;"" data-mce-fragment=""1"">                                                            Gabry-Aile</p>
</div>",Auzou,Non classé,"","9 ans, gab, LivreCaro, pedago",true,Title,Default Title,,,,,,,,"",0.0,,deny,manual,100.00,,false,false,,,,,,https://cdn.shopify.com/s/files/1/0655/5962/5944/products/Gabc1c4.webp?v=1658865711,1,"",false,,,https://auzou.ca/pedago/9782898240010_1_20240123164156.pdf,,,https://www.leslibraires.ca/livres/le-journal-de-gabry-aile-pas-carolyn-chouinard-9782898240010.html,,,,qui-es-tu-mysterieux-inconnu,9-12 ans,,,,kg,,,active
la-fee-des-dents-part-en-mission,La fée des dents part en mission!,"<h4 class=""font_8"" data-mce-fragment=""1""><span data-mce-fragment=""1"">Collection Mes grands albums | Dès 3 ans</span></h4>
<p class=""font_8"" data-mce-fragment=""1""><span data-mce-fragment=""1"">Dentelle, la fée des dents est blessée. Catastrophe! Comment fera-t-elle pour récupérer la dent de Nathan? Son assistant Parmesan propose de l'aider. Mais le souriceau est plutôt maladroit. Est-ce réellement une bonne idée?</span></p>
<p class=""font_8"" data-mce-fragment=""1""><span data-mce-fragment=""1""><span class=""wixGuard"" data-mce-fragment=""1"">​</span></span></p>
<p class=""font_8"" data-mce-fragment=""1""><span data-mce-fragment=""1"">Thèmes: </span></p>
<ul>
<li><span data-mce-fragment=""1"">La fée des dents</span></li>
<li><span data-mce-fragment=""1"">L'entraide</span></li>
<li><span data-mce-fragment=""1"">Le camping</span></li>
</ul>",Auzou,Non classé,"","fée, LivreCaro",true,Title,Default Title,,,,,,,,"",0.0,,deny,manual,100.00,,false,false,,,,,,https://cdn.shopify.com/s/files/1/0655/5962/5944/products/Couvpng_7afacf85-eb1e-4fbc-9dc9-87ec8c0ea272.webp?v=1661006530,1,"",false,,,,,,https://www.leslibraires.ca/livres/fee-des-dents-part-en-mission-carolyn-chouinard-9782898242199.html,,,,,0-5 ans,,,,kg,,,active
roman-et-realite-augmentee-une-experience-a-decouvrir,"Roman et réalité augmentée, une expérience à découvrir","<p class=""_04xlpA direction-ltr align-justify para-style-body""><span class=""a_GcMg font-feature-liga-off font-feature-clig-off font-feature-calt-off text-decoration-none text-strikethrough-none"">Les élèves auront la chance de plonger dans une expérience immersive unique, alliant lecture et technologie. À travers une courte histoire inspirée du roman Bandits des mers, ils découvriront un récit enrichi de réalité augmentée, de visuels à 360 degrés, d’animations 3D et d’enregistrements sonores. En balayant chaque illustration avec un iPad, l'autrice fera apparaître des animations captivantes sur le tableau interactif de la classe. Les élèves feront ainsi la connaissance du célèbre pirate La Buse et devront résoudre différentes énigmes tout au long de l’aventure. Une occasion inoubliable pour eux d’explorer une légendaire cité de pirates… comme s’ils y étaient !</span></p>
<p class=""_04xlpA direction-ltr align-justify para-style-body""><span class=""JsGRdQ"">Durée: 60 minutes</span></p>",Les éditions AppLit,Non classé,"","anim2, anim3, Animation",true,Title,Default Title,,,,,,,,"",0.0,,deny,manual,100.00,,false,false,,,,,,https://cdn.shopify.com/s/files/1/0655/5962/5944/files/Frame39.jpg?v=1759171477,1,"",false,,,,"<p>Les élèves auront la chance de plonger dans une expérience immersive unique, alliant lecture et technologie. À travers une courte histoire inspirée du roman Bandits des mers, ils découvriront un récit enrichi de réalité augmentée, de visuels à 360 degrés, d’animations 3D et d’enregistrements sonores. En balayant chaque illustration avec un iPad, l'autrice fera apparaître des animations captivantes sur le tableau interactif de la classe. Les élèves feront ainsi la connaissance du célèbre pirate La Buse et devront résoudre différentes énigmes tout au long de l’aventure. Une occasion inoubliable pour eux d’explorer une légendaire cité de pirates… comme s’ils y étaient !</p>

Durée: 60 minutes",,,"Deuxième cycle
Troisième cycle",,"Montréal
Québec
Chaudières-Appalaches",,,,,,kg,,,active
deviens-illustrateur-d-un-jour,Deviens illustrateur d’un jour!,"<p><span data-mce-fragment=""1"">Pendant l’atelier, les jeunes se verront confier le rôle d’illustrateur d’un jour. L’auteure lira un passage du tome 11 de ma jumelle et moi et s’arrêtera juste avant la fin. Les participants devront alors s’imaginer la suite et l’illustrer. Une fois leurs dessins réalisés, ils pourront les présenter au groupe. Par la suite, l’auteure leur expliquera la vraie fin et leur montrera l’illustration qui l’accompagne. Comme le tome 11 de ma jumelle et moi se déroule en Équateur, les jeunes découvriront, à travers le parallèle entre leurs dessins et la vraie illustration, une culture différente de la leur.</span></p>
<p><span data-mce-fragment=""1"">Durée: 45 à 60 minutes</span></p>",Les éditions AppLit,Non classé,"","anim1, anim2, Animation",true,Title,Default Title,,,,,,,,"",0.0,,deny,manual,100.00,,false,false,,,,,,https://cdn.shopify.com/s/files/1/0655/5962/5944/products/Frame36.png?v=1661345884,1,"",false,,,,"<p>Pendant l’atelier, les jeunes se verront confier le rôle d’illustrateur d’un jour. L’auteure lira un passage du tome 11 de ma jumelle et moi et s’arrêtera juste avant la fin. Les participants devront alors s’imaginer la suite et l’illustrer. Une fois leurs dessins réalisés, ils pourront les présenter au groupe. Par la suite, l’auteure leur expliquera la vraie fin et leur montrera l’illustration qui l’accompagne. Comme le tome 11 de ma jumelle et moi se déroule en Équateur, les jeunes découvriront, à travers le parallèle entre leurs dessins et la vraie illustration, une culture différente de la leur. </p>

Durée: 45 à 60 minutes",,,"Premier cycle
Deuxième cycle",,"Montréal
En ligne",,,,,,kg,,,active
lecture-interactive,Lecture interactive,"<p><span data-mce-fragment=""1"">Lorsqu’on a un rêve, il faut aller jusqu’au bout et tra­vailler en équipe pour y arriv­er! En com­pag­nie de l’autrice Lora Boisvert, les jeunes décou­vriront celui de Mila, une grande sportive. L’auteure offrira une lecture interactive qui plongera les élèves dans une chasse au trésor. Les étudiants devront résoudre des énigmes en équipe.</span></p>
<p><span data-mce-fragment=""1"">Durée: 45 à 60 minutes</span></p>",Les éditions AppLit,Non classé,"","anim2, Animation",true,Title,Default Title,,,,,,,,"",0.0,,deny,manual,100.00,,false,false,,,,,,https://cdn.shopify.com/s/files/1/0655/5962/5944/products/Frame38.png?v=1661200317,1,"",false,,,,"<p>Lorsqu’on a un rêve, il faut aller jusqu’au bout et tra­vailler en équipe pour y arriv­er! En com­pag­nie de l’autrice Lora Boisvert, les jeunes décou­vriront celui de Mila, une grande sportive. L’auteure offrira une lecture interactive qui plongera les élèves dans une chasse au trésor. Les étudiants devront résoudre des énigmes en équipe.</p>

Durée: 45 à 60 minutes",,,"Premier cycle
Deuxième cycle",,"Montréal
En ligne",,,,,,kg,,,active
bandits-des-mers,Le message secret de La Buse,"<h4 class=""font_2"">
<span>Bandits des mers </span><span>Tome 1</span><span> | </span><span data-mce-fragment=""1"" mce-data-marked=""1"">Dès 9 ans</span>
</h4>
<p data-mce-fragment=""1"">En visite sur l’île Sainte-Marie, William pêche avec son cousin Andry, lorsqu’une énorme vague fait chavirer leur embarcation. Quand il revient à lui, le garçon est prisonnier sur une île légendaire portant le nom de Libertalia. Il doit amasser 500 doublons d’or afin d’acheter sa liberté. Mais voilà qu’il entend parler du célèbre pirate La Buse. Avant de mourir, ce bandit des mers aurait lancé dans la foule un mystérieux cryptogramme que personne n’a réussi à déchiffrer jusqu’à maintenant. William parviendra-t-il à résoudre cette énigme et à mettre la main sur le précieux butin afin de rentrer à la maison?</p>",Les éditions AppLit,Non classé,"","applit, Livre",true,Title,Default Title,,,,,,,,"",290.0,shopify,deny,manual,25.00,,true,false,,,,,,https://cdn.shopify.com/s/files/1/0655/5962/5944/products/CouvV2.jpg?v=1661198396,1,"",false,,"Lora Boisvert et Carolyn Chouinard te proposent une expérience immersive géniale alliant littérature et réalité augmentée. Grâce à l’application numérique, plonge au cœur de l’intrigue, observe les décors à 360&nbsp;degrés et résous les énigmes! &nbsp;",,"En visite sur l’île Sainte-Marie, William pêche avec son cousin Andry, lorsqu’une énorme vague fait chavirer leur embarcation. Quand il revient à lui, le garçon est prisonnier sur une île légendaire portant le nom de Libertalia. Il doit amasser 500 doublons d’or afin d’acheter sa liberté. Mais voilà qu’il entend parler du célèbre pirate La Buse. Avant de mourir, ce bandit des mers aurait lancé dans la foule un mystérieux cryptogramme que personne n’a réussi à déchiffrer jusqu’à maintenant. William parviendra-t-il à résoudre cette énigme et à mettre la main sur le précieux butin afin de rentrer à la maison?",,,,,,,,,,,kg,,,active
